0.900319296822,0.900319296822,0.900319296822,0.900319296822,0.900319296822,0.900319296822,0.900319296822,0.900319296822,0.900319296822,0.900319296822,0.492627451289,0.492627451289,0.492627451289,0.492627451289,0.492627451289,0.492627451289,0.492627451289,0.492627451289,0.492627451289,0.492627451289,0.967111323734,0.967111323734,0.967111323734,0.967111323734,0.967111323734,0.967111323734,0.967111323734,0.967111323734,0.967111323734,0.967111323734,0.597391407582,0.597391407582,0.597391407582,0.597391407582,0.597391407582,0.597391407582,0.597391407582,0.597391407582,0.597391407582,0.597391407582,0.987915576741,0.987915576741,0.987915576741,0.987915576741,0.987915576741,0.987915576741,0.987915576741,0.987915576741,0.987915576741,0.987915576741,0.667698965685,0.667698965685,0.667698965685,0.667698965685,0.667698965685,0.667698965685,0.667698965685,0.667698965685,0.667698965685,0.667698965685
0.90734983044,0.893103969723,0.894532485772,0.896446578185,0.89558653086,0.903230793255,0.902001624166,0.90048008283,0.899916162311,0.901312145226,0.553132875697,0.523648858602,0.50442263091,0.497896203944,0.499268059272,0.4967992147,0.49939495721,0.496663031915,0.495773276022,0.497281102402,0.964213820578,0.967234116423,0.965340744121,0.968469258548,0.969187229961,0.967979560169,0.967053126019,0.968271347995,0.967606300208,0.967706600985,0.603614192376,0.585344078274,0.593071141935,0.598952463034,0.590222322184,0.605029304288,0.599555790729,0.60187480163,0.598960054622,0.599911546343,0.984789793369,0.987402539222,0.990087519351,0.98704545379,0.988277529352,0.987240838153,0.988647367178,0.988272142993,0.988266068873,0.988110321834,0.673191896812,0.674181769018,0.672666143678,0.665160199129,0.678025467987,0.668851451227,0.673232337123,0.669003191157,0.670827578243,0.669589978495
0.902188855423,0.912830052781,0.905411467096,0.900020534527,0.900609780835,0.901447004055,0.902793639988,0.902317649941,0.900477409341,0.900147631198,0.478316923044,0.504486989244,0.511954680189,0.496797375236,0.497943930848,0.491858623259,0.497744049657,0.496718969773,0.493367931829,0.492700782689,0.962174825287,0.967116970448,0.970954751002,0.966594064677,0.96448457833,0.965881254057,0.967331464246,0.968864434334,0.965834214552,0.967483892641,0.624095139691,0.589698449239,0.603591217349,0.601868943498,0.587927858318,0.598344712099,0.596335242369,0.599560819839,0.596683078486,0.598700985989,0.98949874218,0.986869528447,0.988422273958,0.987155857376,0.988688140766,0.989484628933,0.988083212496,0.988505585458,0.988967331683,0.987999162722,0.642817274851,0.671895865793,0.665883650871,0.661079957141,0.678316697714,0.676313615845,0.667924338577,0.672567841517,0.670776798268,0.661468405864
0.908781074489,0.891751992249,0.891619957834,0.890836019267,0.901912142874,0.900362928365,0.900684952922,0.89929855167,0.898378872103,0.901142458687,0.505585992488,0.481548067681,0.486443365067,0.486198977284,0.49005638919,0.497896239653,0.494411665417,0.492494227385,0.489838546779,0.491655571867,0.977502658938,0.969085246119,0.966894509778,0.970308756555,0.971573119582,0.966086668414,0.968825150027,0.967423203614,0.967579392889,0.966064351497,0.606809439043,0.609853738297,0.588076705258,0.615244443035,0.604401937862,0.596113663697,0.606322517569,0.597479566387,0.597012591152,0.599025924198,0.990604414056,0.99047119322,0.983814771315,0.987119911521,0.98927099371,0.988746074811,0.987798884657,0.987310962847,0.987905123612,0.987647315217,0.675628207984,0.673732133752,0.669137215092,0.66533996999,0.675755447464,0.670838696873,0.667819213095,0.669803840144,0.660711298084,0.668808365715
0.912337601095,0.892862008536,0.900993596993,0.901550767783,0.897603206995,0.902528141036,0.899501532016,0.899084534996,0.902160976815,0.901336084669,0.488080807705,0.487004538704,0.500549419182,0.490633862706,0.490287987197,0.489817892586,0.49414012785,0.489363234682,0.494811746786,0.492949157344,0.973219455479,0.965508096874,0.968329495792,0.968041381983,0.970745956131,0.969161888753,0.966633944696,0.968734388991,0.966412776593,0.966098306927,0.61556369344,0.57710178003,0.603414873154,0.604372529381,0.616623237044,0.605432540586,0.594976279563,0.600237025874,0.595452702043,0.596122338999,0.984459874497,0.983320415358,0.987819671992,0.986843069534,0.989430425121,0.987600340015,0.987045373963,0.988466098914,0.987479540987,0.987572925918,0.674183402669,0.668084216375,0.665987332134,0.667649637776,0.671419317595,0.662153081141,0.667563314175,0.662677766461,0.668236448572,0.668360604887
0.893189536321,0.893080962239,0.905335598038,0.903080255186,0.904152398886,0.900085427943,0.900956650058,0.901901713246,0.899582531184,0.900196140139,0.48877282231,0.48743518403,0.496968229752,0.508782934477,0.501672460732,0.494207217925,0.48986425047,0.491674656898,0.494438973155,0.488686264261,0.966018583035,0.963509957305,0.967699984644,0.970990788127,0.963702966564,0.965188257842,0.966971583451,0.968117713491,0.966557446402,0.965692681143,0.588820139667,0.594292381312,0.606506286526,0.610927936233,0.597456824534,0.598403551462,0.596797224737,0.596481421434,0.597749523881,0.594724443796,0.990068458446,0.992346882862,0.988982513595,0.989806499168,0.987322962317,0.98927701555,0.987783331959,0.987438852289,0.987487103173,0.988303796045,0.692448600618,0.686238835016,0.665379769708,0.671778203137,0.666415072107,0.681026713732,0.672485488052,0.664290741645,0.669552411158,0.666195896107
0.899303291714,0.897017269029,0.898968326592,0.904371976102,0.903713858274,0.898679852913,0.898165666324,0.900847418873,0.903212488737,0.900949127631,0.504785390851,0.487742755509,0.488781697249,0.500816287532,0.495195898656,0.492467360449,0.490293231755,0.492392758568,0.492012550248,0.496884337258,0.968103984941,0.967188453203,0.964198451413,0.965040655304,0.96721555466,0.968954416865,0.967267800245,0.965888906865,0.966805461246,0.967010127584,0.586935929355,0.583481358739,0.610238641358,0.611831033773,0.594888199229,0.586846729585,0.596887942435,0.597228198386,0.596900087976,0.598658115203,0.993221551728,0.988782935126,0.989872564963,0.986079989223,0.988739854739,0.988356463628,0.988748484762,0.987773087849,0.987398063377,0.987343895053,0.676246092676,0.68232275005,0.684873525565,0.657987133454,0.670177221718,0.676226166505,0.666426575827,0.668383050403,0.669643474734,0.669544336713
0.882127248703,0.901371986295,0.896571058529,0.905327055303,0.899143809108,0.895410885915,0.901291090099,0.899370981246,0.900226756022,0.898651095424,0.499256228537,0.486921430489,0.479523295187,0.500878623086,0.495504132675,0.488446486962,0.49446506117,0.494464968612,0.489072164448,0.492459548475,0.964511742904,0.974255503163,0.971125718616,0.963050612449,0.967643454706,0.968222336131,0.966224552236,0.967424572678,0.966678924437,0.967041731381,0.57579561122,0.606470216854,0.600208449125,0.599893689799,0.588892288159,0.607063670854,0.590778789299,0.599887773472,0.59677426673,0.595295192213,0.989191358348,0.989703713884,0.9884021396,0.989278784591,0.988554514417,0.988904979899,0.989308112066,0.988194319202,0.987130672821,0.987825691407,0.661238332993,0.691318964098,0.68562612176,0.672027386387,0.66599370253,0.663678583736,0.664383355094,0.670397872124,0.666416788278,0.667065001087
0.915066306079,0.897267575474,0.906974359506,0.901372122632,0.903541217996,0.89956774625,0.902696623879,0.901823498389,0.901507697698,0.897382192487,0.491056555308,0.48669872235,0.496413700929,0.489874585116,0.504659097643,0.495409987795,0.489406885051,0.493505483897,0.496946716383,0.493263852892,0.964227062386,0.967890754337,0.963616136737,0.968068977017,0.966797426809,0.965510516371,0.967191940559,0.96530794217,0.966027025334,0.965910713473,0.573748068841,0.590472003428,0.604215566785,0.606178499811,0.591998590199,0.592440265924,0.596277226937,0.597059838373,0.596320572237,0.594774165043,0.982577603301,0.984374560794,0.984880636953,0.990660798281,0.986550017959,0.987547039381,0.988746750191,0.988458587789,0.987616702072,0.988325145358,0.690885092209,0.668755896054,0.65502513645,0.681085912399,0.658640178033,0.671563146811,0.667687990387,0.668193182392,0.669693793046,0.662290314262
0.896275006815,0.895555527599,0.903352815248,0.907126192026,0.896288738403,0.899942131136,0.898366482225,0.900481376035,0.902482595724,0.899454488576,0.496447007256,0.492547422119,0.5056230391,0.484125178918,0.5016179049,0.491045396432,0.49337372729,0.493366321971,0.496529682718,0.491451573054,0.954395975084,0.971312015475,0.961580919836,0.966425197101,0.970055971651,0.969486376644,0.966758820392,0.967577602106,0.965869306465,0.968417758738,0.601959769961,0.62239915386,0.586466700699,0.59802071007,0.595515299999,0.598686250493,0.592372653261,0.602551028858,0.596743530642,0.598590470846,0.984185685618,0.988843118566,0.989668365881,0.988019260908,0.985948231074,0.990661604192,0.988391665968,0.988016938363,0.986899099596,0.987841502377,0.680435948896,0.67946063876,0.682027718823,0.676627233827,0.666543763028,0.667913608066,0.666964621653,0.662481349544,0.669628134278,0.668388385478
0.891548534697,0.895794515355,0.904257605514,0.906668369834,0.900246620735,0.899085351184,0.901219627219,0.896376850648,0.897804955604,0.900408301404,0.473425323148,0.490756806616,0.485212064473,0.505777724237,0.49659666487,0.494973061379,0.492586275068,0.485156729366,0.490551129594,0.494797684871,0.967198621555,0.967574748776,0.968827884728,0.964519833748,0.96956291882,0.967171021267,0.966155933303,0.965151445274,0.967198711172,0.966997823638,0.619648826255,0.587618702449,0.59841535402,0.588497071648,0.622762411709,0.59789032441,0.595800936364,0.595178965481,0.598618158726,0.597076898555,0.992462432419,0.99191804525,0.988553392971,0.987405626691,0.99012891192,0.988844033083,0.986860924778,0.987507448939,0.988343164444,0.987992289163,0.696612523627,0.676785149831,0.676428302509,0.66129666061,0.671117192163,0.675116300516,0.668753816948,0.66361798684,0.666187055088,0.667532323652
0.900968185737,0.899285936144,0.89496021678,0.900176457904,0.89894837856,0.898801576248,0.899889911213,0.901335654348,0.89972570958,0.899569375821,0.486764855784,0.486218308552,0.493478606051,0.509505683295,0.500488542677,0.494264538094,0.488754717048,0.497818157658,0.489060125975,0.495549718617,0.973499546029,0.971887666416,0.969082005703,0.972543283236,0.965708424346,0.964072778681,0.964019138315,0.966646884176,0.967512792688,0.96752143947,0.60801358256,0.612510758784,0.601003140888,0.602905477249,0.592179509755,0.593126558021,0.601018064684,0.596698218389,0.599491073352,0.598273493111,0.985020630106,0.985835888772,0.986056688728,0.985351992015,0.987428512468,0.987979165896,0.987805461701,0.987917781127,0.98791879321,0.98790101836,0.663397883558,0.684397512631,0.664613324572,0.665758996206,0.662001051192,0.660164025503,0.668372404013,0.667908348327,0.669888644874,0.665842633242
0.892241488091,0.896530215262,0.9047152001,0.900976359389,0.903735371086,0.902270024527,0.898821993109,0.902153716407,0.90026705649,0.900192626652,0.455509428489,0.509293226441,0.509359143461,0.497594963456,0.489068748226,0.492690514764,0.488838772308,0.500477558893,0.490884797041,0.49338272602,0.9637462085,0.959543965745,0.967122250924,0.967086009071,0.968841606499,0.968034235378,0.968093480036,0.967413869816,0.966549464865,0.967123366048,0.610981811482,0.577854821593,0.587736765749,0.602611943805,0.597942209425,0.598524953902,0.601176350512,0.599497735641,0.593151970146,0.598576290631,0.989784271891,0.984977135619,0.987172463499,0.988502712915,0.988958332049,0.98901210912,0.988147504843,0.988429261853,0.988592326638,0.9884799325,0.686488219428,0.65977699371,0.67901826076,0.694911183829,0.685961929529,0.667935971572,0.670738196448,0.666022268148,0.661946324362,0.66825433252
0.890252886723,0.902211821235,0.909571291524,0.907350080918,0.895308724414,0.901560198425,0.900048898781,0.898358547543,0.897809939499,0.90009293473,0.473905210649,0.502731176722,0.51247365146,0.505378625698,0.493332124689,0.49736556512,0.492014337946,0.493882215582,0.48906909107,0.491143681111,0.96795587261,0.966791982879,0.965832377588,0.970243082191,0.968468295438,0.966266291597,0.965480813148,0.966548648979,0.968910001537,0.967872093783,0.591981123939,0.592587479274,0.585072315314,0.59479277408,0.590478311547,0.59666396255,0.59598477245,0.601805179912,0.599421992013,0.593981905015,0.995684352066,0.986588559812,0.985254956438,0.988159691646,0.987775327558,0.988144758436,0.98813454803,0.987106335248,0.988594673831,0.988448031126,0.696978584549,0.650545601448,0.648643388738,0.675638750889,0.689667690397,0.664240817416,0.666262832442,0.670569998055,0.666707504526,0.669718782166
0.890196277018,0.89978565582,0.914295705334,0.895598497979,0.90582549627,0.900321020823,0.903507717106,0.898530158442,0.89983891463,0.899107263889,0.47163076157,0.505887028198,0.50770099733,0.481299536173,0.493004782854,0.48782376922,0.493001896559,0.491727337961,0.494454086815,0.492197962719,0.966043347454,0.966264537004,0.967860620189,0.967310428262,0.96893186409,0.970863995868,0.965213742144,0.967444014748,0.966472609476,0.967084810492,0.623504555231,0.600126460719,0.59540613208,0.590593084796,0.593600591347,0.597024869981,0.592743768397,0.600303533436,0.604671403065,0.596659012313,0.989546694767,0.987919972634,0.988281601288,0.987181849942,0.988146384999,0.989365330144,0.988527980364,0.986802102091,0.988028766178,0.987799605398,0.680146500246,0.6678179752,0.67981664284,0.6442389123,0.663513456452,0.661175080218,0.669949837899,0.663804790046,0.668748879273,0.668385389086
0.895915803484,0.901941669356,0.899829109944,0.91251891703,0.901373207627,0.899458073087,0.900020482191,0.898970526352,0.89867324549,0.900071167798,0.494942375027,0.504028510322,0.485477912313,0.517833976449,0.498089104931,0.490554929773,0.491569672427,0.491339607403,0.490961594508,0.492861434785,0.966260901125,0.965999735507,0.966926856178,0.97008991206,0.966559327148,0.967954267078,0.967463404442,0.966616135513,0.967984585113,0.967187210639,0.585060185199,0.581349518568,0.593746793503,0.603770643259,0.589022872139,0.589376962019,0.597212274756,0.59649794957,0.596465595033,0.595443513617,0.987081337863,0.990191789669,0.989250430435,0.988102507743,0.987387905735,0.987057399882,0.987479238613,0.987761279252,0.987861854518,0.987635879371,0.664783175843,0.682998402715,0.670210013643,0.682269666043,0.66990055355,0.658053754386,0.67520053288,0.667431306296,0.668056753966,0.666993008096
0.917479717802,0.894658512336,0.898467651295,0.89344620573,0.898503539581,0.905064684085,0.904287314175,0.897477579054,0.899395882177,0.899228533059,0.500930240039,0.492416599128,0.49979745406,0.497838032377,0.477140486978,0.494929991024,0.496660095467,0.491756910366,0.4953417882,0.493945081895,0.964171454975,0.963090916103,0.969060783901,0.968974226414,0.96454423796,0.970322529901,0.966695525369,0.967222034025,0.967617588044,0.966686182747,0.572085498116,0.593212759472,0.611913532682,0.586284945821,0.604603423009,0.602750319393,0.588977870323,0.600948309137,0.597466139648,0.597598096221,0.983524948437,0.991971581757,0.988240062763,0.988296538662,0.987193073673,0.988947522287,0.987585648265,0.987247817095,0.988242002718,0.987814101285,0.685777479685,0.68360071014,0.691561057385,0.680613862393,0.673304601306,0.666245000671,0.663804671469,0.667549061053,0.669890423675,0.671076410096
0.902371648524,0.904685415027,0.905906072265,0.902379763619,0.900942117229,0.898886244655,0.898619924812,0.898678666612,0.899157848075,0.899548693005,0.490331607124,0.49244074277,0.500514411812,0.506036277234,0.488078737695,0.491971371287,0.488700843131,0.489016211641,0.487907700239,0.495714616913,0.957828490089,0.965563989473,0.970833768436,0.965565893523,0.965103338203,0.967038063173,0.965213698706,0.96698501606,0.96691622863,0.966800855155,0.59883507189,0.57421491386,0.594066820717,0.592973523622,0.597795564773,0.607434056538,0.593649664199,0.591110645916,0.598184213893,0.596525326294,0.985284810179,0.986819535426,0.989670446997,0.990033990119,0.989330656963,0.988457830866,0.986388635416,0.988960949408,0.987340492529,0.987684887225,0.68324653782,0.673373217309,0.680142843547,0.663210845015,0.658801379923,0.670963950717,0.667568383831,0.662885702022,0.665296762154,0.669925151291
0.923552837759,0.904856872938,0.902975763003,0.906532489522,0.904568751836,0.897976739391,0.901522986435,0.898668282476,0.901146174317,0.899276368097,0.525934054113,0.48984309415,0.500604049558,0.49006182765,0.494297317949,0.483459348725,0.489721740991,0.488070442527,0.49468087872,0.492471404279,0.966417673852,0.969480185503,0.965639377726,0.96591655393,0.970901705051,0.965305521919,0.96806128822,0.966940164653,0.965913843074,0.967352916644,0.634266950687,0.610876993946,0.591069967284,0.585391160382,0.595538010073,0.589447729307,0.594705414523,0.595715589334,0.593509229792,0.597386713766,0.991002149416,0.986630743625,0.987379386235,0.988340091209,0.989643822121,0.989656312978,0.987863206328,0.989351585746,0.988691370246,0.987975804027,0.660449538734,0.66914005035,0.662327302673,0.675257920319,0.669521620063,0.672283237803,0.668248306399,0.672728025435,0.66995423847,0.6678383051
0.903878401736,0.909179446044,0.890660068465,0.895541533373,0.900997659149,0.900597105512,0.901803383463,0.902972157844,0.899686850501,0.901204758302,0.483343669198,0.508457857854,0.474558477809,0.50062767821,0.501447111727,0.49223928081,0.495171877627,0.495937234162,0.493410395482,0.494970947432,0.972857402803,0.967875093726,0.967831418467,0.966079541914,0.9632213625,0.967621387784,0.967282109997,0.968160773003,0.966188759827,0.967039585692,0.605393867431,0.598741984606,0.562821574406,0.610079585013,0.592526315421,0.599864666815,0.597177998921,0.597351274163,0.591560361585,0.593989224412,0.987880985504,0.988222594714,0.987744984091,0.985835587807,0.983956172665,0.988431072372,0.988414566677,0.988305988375,0.98821168088,0.988528288031,0.653490290349,0.661882131116,0.672751381378,0.652071273485,0.664804042417,0.667778981529,0.668030710371,0.669734165761,0.666935521799,0.667467240063
0.916741020031,0.899949191136,0.904206838495,0.908305920862,0.897776901914,0.897631096296,0.901387163031,0.895287564188,0.901725484888,0.900695225801,0.512132636812,0.50279648924,0.496758127884,0.485112249245,0.489126677965,0.495721653543,0.497591322657,0.492337245661,0.491920555271,0.492853912159,0.973339083214,0.965103920668,0.97001718542,0.96194110598,0.968336060822,0.966692997707,0.967694942764,0.967957357164,0.965420280653,0.968223684646,0.582740445596,0.579608803393,0.618780038772,0.59970362904,0.602788175078,0.598464961282,0.604331706169,0.605345868386,0.599401100202,0.593454673183,0.992661737615,0.988491996576,0.988270165973,0.988041290044,0.9889929471,0.985526367077,0.987672961173,0.988419725783,0.988617192408,0.987916396186,0.683374091574,0.669607249378,0.678627671194,0.676683890947,0.680911914125,0.671143580279,0.663987377091,0.66639998935,0.67085867817,0.670117946532
0.909184545531,0.905182875053,0.894997125015,0.903301277219,0.900200608361,0.900548943804,0.900356572898,0.9006642502,0.901563202473,0.898688199276,0.483738084882,0.499830166937,0.502867899404,0.489827804262,0.504343420513,0.486486485612,0.500146782159,0.492507332302,0.494208997771,0.491075476586,0.967187517982,0.962159581366,0.96570297297,0.964924418418,0.96727297944,0.96887722963,0.967998848556,0.966949477711,0.966166888477,0.967812950188,0.596786959208,0.606124820179,0.596457424193,0.599263980089,0.588739945848,0.601836835571,0.59718303465,0.597431477987,0.59675496331,0.600510620518,0.989645743553,0.988943903499,0.988847859355,0.987868854943,0.985577217062,0.986942197639,0.987916006589,0.988679894409,0.987829308732,0.988011167004,0.69494544426,0.675048252659,0.6566214072,0.652548029875,0.657958907068,0.662829440108,0.663532663376,0.667132940004,0.668572108993,0.66624169592
0.906636358048,0.899437298083,0.898314527556,0.900258301316,0.902465689238,0.898300377048,0.898563654922,0.901675164467,0.899460469101,0.900234283269,0.49005050674,0.486618814127,0.491736210321,0.490119566649,0.488330102007,0.502669761682,0.498277115894,0.49270808423,0.493308340849,0.497669453768,0.960735719887,0.967984799258,0.970986425011,0.969984675839,0.971146814249,0.967627223265,0.966594701592,0.96696026195,0.965503460405,0.966871310716,0.615749655607,0.592338426085,0.625714970949,0.60835683598,0.601853179496,0.597068134488,0.594327523757,0.594366211544,0.596747059971,0.59803546942,0.986821471333,0.980994932031,0.987252329785,0.991180320546,0.986827902471,0.987198484156,0.986732054407,0.98829587139,0.987704980696,0.9881977765,0.690328369613,0.661044387105,0.66301083808,0.662878073885,0.659588663208,0.670163980065,0.668408259955,0.670727258388,0.66528082131,0.670153620609
0.893478242952,0.896396106659,0.899495317038,0.89457151924,0.899423043768,0.898712039949,0.902770019748,0.900383762631,0.899500271982,0.899032746263,0.523673970226,0.493259569533,0.492615389334,0.479715543608,0.493490671611,0.488668417606,0.497361420419,0.491840039146,0.493095464297,0.490738748259,0.963514446198,0.967770704303,0.968587792445,0.969752415498,0.968883243408,0.966734464236,0.965383531168,0.966992048788,0.9670656476,0.967737741327,0.611790870758,0.597012057268,0.590240719886,0.613376921689,0.595510743057,0.596435082013,0.594285229706,0.599468045963,0.59836869221,0.598969967095,0.989678046031,0.988394770877,0.988972044141,0.989075580057,0.988956564335,0.988702869268,0.987789407983,0.987681959929,0.988001650262,0.988221825723,0.666873124465,0.67024584788,0.671451590295,0.679975333745,0.657404721808,0.662763606867,0.670365207472,0.666387003085,0.670521219867,0.669690489891
0.895383709545,0.902915074895,0.899036294501,0.895993977676,0.898082804638,0.905640986637,0.898253328947,0.899597265401,0.89744189278,0.901933453377,0.475745894655,0.491795481085,0.488842644179,0.488557499157,0.49030255566,0.502352616494,0.491211137575,0.489652367654,0.492083946436,0.496940235604,0.968279449634,0.968760024546,0.964013275761,0.966019890516,0.971588026009,0.965807293327,0.968830158874,0.966580187023,0.967408270943,0.968015082842,0.594614457022,0.61195510091,0.58160860977,0.594399947408,0.604090986133,0.601118123822,0.603714661261,0.600409245846,0.597840363754,0.599975960471,0.986079880781,0.989815545743,0.990835769587,0.988792685394,0.988462007861,0.988869060982,0.986745872583,0.988062203033,0.987804479608,0.987809278895,0.660727246326,0.709440636189,0.676882158658,0.671239601523,0.672438607726,0.669790301797,0.663999722545,0.665485078266,0.672748740149,0.668848208168
0.907695214269,0.907687095188,0.896065477956,0.89389567488,0.902366297007,0.902529738237,0.899018153817,0.90151307328,0.898874797008,0.897737619393,0.507330649957,0.502829761611,0.495775116488,0.504712132915,0.505411638428,0.487886798613,0.485047638412,0.494008155847,0.492628575474,0.490273396934,0.966439133829,0.972101774561,0.96685700415,0.970217937573,0.967357583673,0.965885497301,0.96791273359,0.967432510366,0.965883287241,0.96782434799,0.59099352193,0.603627443725,0.615372248848,0.606709935244,0.599623144611,0.600118694425,0.599545020474,0.600807482109,0.598819319909,0.59547779067,0.990824164084,0.990911204466,0.986491594353,0.989355036302,0.988847455786,0.985637187784,0.989628600893,0.988009841745,0.988051356289,0.988510654699,0.676080048796,0.658256895865,0.661289063426,0.680033839309,0.673190481501,0.666809269007,0.668651477384,0.665930693304,0.667082596989,0.667896187113
0.911249775469,0.904878476805,0.892443528534,0.895203798394,0.904032265297,0.902760060468,0.898283028914,0.901050796631,0.90167995817,0.900303309356,0.486645375042,0.499545216615,0.485429152159,0.50297020798,0.493084948078,0.494760017925,0.490076766409,0.492244481199,0.495051772621,0.491884824063,0.958915521355,0.962390408179,0.968635842053,0.963009368576,0.97024500299,0.967698915775,0.966423830104,0.967803482015,0.96690082379,0.96592770462,0.59098766,0.607280119125,0.582400001159,0.59494949427,0.594648426795,0.595550567461,0.593435952444,0.600558865757,0.599845633497,0.594458263082,0.986931425959,0.989536570487,0.988180977622,0.988071312432,0.987042780406,0.988427848763,0.987278572394,0.987450785665,0.987972006684,0.988472177601,0.66278120669,0.679254852087,0.66662558539,0.660279824074,0.668183057313,0.666338409375,0.663574185054,0.668365840772,0.667329002759,0.669414455534
0.890654895546,0.895593011512,0.901575750743,0.896312300207,0.901351330121,0.899958770738,0.900463393832,0.901823308906,0.901325349506,0.899072808419,0.482775099397,0.481783079237,0.49797516182,0.48750022765,0.492598691252,0.49318568906,0.497933310011,0.491132849478,0.492372145441,0.494692689927,0.970332713483,0.963676829251,0.961426847549,0.965482583334,0.963938526331,0.967255432421,0.96764363328,0.966010394914,0.967420407121,0.967277088741,0.626657789569,0.583463085267,0.608557667992,0.600619408638,0.583269533219,0.60242824515,0.600991089011,0.5898749897,0.597847700581,0.59638979235,0.992264182177,0.988042895098,0.988403138906,0.9897240842,0.989237827507,0.986966056067,0.986925731011,0.98768716026,0.988019772278,0.987807670428,0.690546484928,0.660748551068,0.67839480396,0.661611110234,0.670294709565,0.662608878524,0.665825890485,0.66602264924,0.668615146509,0.66871915612
0.906279426201,0.892787999489,0.894169629908,0.890809314651,0.915474293929,0.899170769235,0.896821533293,0.900948304138,0.900894144418,0.902177805911,0.495622732294,0.482059843362,0.48461937385,0.47380308447,0.49043133649,0.489011033358,0.49421585597,0.489054294508,0.492142248277,0.494936518124,0.975708329626,0.975108333855,0.9683607363,0.966468180378,0.965873641837,0.970059597657,0.965576131038,0.968274286045,0.967474750699,0.968657284279,0.59478549593,0.596056321449,0.607612371012,0.607335979089,0.588792133193,0.60641602866,0.596930075939,0.597497730876,0.599477907457,0.597421885872,0.984505790345,0.984778110559,0.986515048296,0.985912852554,0.98761418794,0.987957172643,0.987129675951,0.987651168576,0.988118882129,0.987861182672,0.659367166965,0.634192688049,0.639640844807,0.670167308693,0.6625761141,0.664170022963,0.669574126458,0.670066143591,0.665795193471,0.669458761672
0.898141917703,0.911606900584,0.897885339644,0.906134341049,0.901994422385,0.900056540952,0.900212985468,0.898719124498,0.897991239911,0.899722653819,0.492098590912,0.519129173043,0.487734610649,0.494566477696,0.49464567311,0.491402186961,0.487956569089,0.491604825161,0.493034690101,0.491935220926,0.970769233792,0.968411593481,0.966148959981,0.965656972368,0.963295500848,0.964595051321,0.965468961615,0.96839573559,0.966882221133,0.966739860887,0.613178208696,0.601423035001,0.602371642338,0.59115425203,0.59716538912,0.59697639292,0.594460819122,0.601313612989,0.598067882031,0.59672278006,0.988771410426,0.990720081523,0.990910241404,0.988050469697,0.985038732964,0.986219304086,0.988464530174,0.987722933468,0.987701926402,0.988183136942,0.647262513651,0.655365076461,0.674354108294,0.670346313487,0.640362896441,0.660678490768,0.660848706564,0.667867846302,0.666383356525,0.671168754684
0.899472247037,0.910166861129,0.902104423186,0.900013962199,0.904193472563,0.905437929386,0.902132824567,0.902608138605,0.89951359995,0.903174010405,0.46334119572,0.513661931219,0.486185969238,0.500280673448,0.502772750393,0.501220874831,0.489916993979,0.493738007987,0.48851234117,0.498341281629,0.966667711681,0.961221259394,0.968300389554,0.972950970271,0.96469585004,0.966153947849,0.969953832733,0.96605232828,0.967460485646,0.966852323186,0.617902905059,0.609249366292,0.595666473512,0.611281855846,0.589892793649,0.605497481079,0.596803071243,0.600764350786,0.596507814702,0.594991190603,0.992014526392,0.990912619504,0.991760685606,0.988216039827,0.988598088505,0.986422197497,0.987698882109,0.987962492596,0.988043919028,0.987755721223,0.685122604813,0.679920570617,0.675270280516,0.668408062363,0.662847922262,0.674819342616,0.660638122361,0.66787975046,0.669320257709,0.666574279935
0.892895832999,0.889196640156,0.899566756441,0.902353177023,0.905102089808,0.903406708396,0.89743001117,0.899526984391,0.898615455383,0.901391610514,0.503996451518,0.491157678946,0.504598722888,0.508058540324,0.499208432651,0.491808659617,0.489771715862,0.495207169275,0.490966360877,0.494785866651,0.963050733646,0.969557625785,0.965421726762,0.966920578545,0.970299698184,0.967833310261,0.967081300026,0.965746107802,0.967508912612,0.967034749046,0.585706073683,0.618008663843,0.59324793549,0.605730360704,0.601127065259,0.597131815908,0.595022749553,0.596588024822,0.601013234345,0.600394910513,0.98992440117,0.986358113109,0.988521982519,0.989752530769,0.987938332765,0.986897268583,0.988832244208,0.98724767506,0.988728580081,0.987939719386,0.671498635869,0.669656671677,0.660187473886,0.661761738513,0.663712867676,0.651882666575,0.671481834701,0.667873883891,0.672107719802,0.667273262669
0.910338124063,0.899995607194,0.897158618748,0.896783928301,0.910475429902,0.904849624733,0.902791309061,0.900645203007,0.902718872219,0.900510509154,0.486621865453,0.484412823476,0.483022233263,0.486801864973,0.503888498357,0.492631734609,0.495992427424,0.489715544005,0.493101045517,0.491710660627,0.971107793004,0.968131508826,0.964864855233,0.965754621362,0.967588861403,0.961676712177,0.968922926426,0.966472623492,0.966764112984,0.967522148246,0.620785646416,0.595562326482,0.611372276169,0.598353986354,0.602252322262,0.582974575541,0.59661322064,0.595642870081,0.595072160997,0.597437928636,0.993383267955,0.990081141981,0.990679743627,0.990063492972,0.989151867578,0.988620526024,0.988622007653,0.988149856557,0.987517192232,0.987414301585,0.680985763609,0.692877920268,0.664137470904,0.660936655126,0.659713530697,0.666827662599,0.671282306284,0.664405226252,0.668158971324,0.668317490845
0.892334147028,0.900641664829,0.892958887296,0.895851656271,0.901967466316,0.901912365774,0.901529813144,0.900059417069,0.899831534693,0.899656288292,0.477189180538,0.504407656885,0.501494013394,0.493905994203,0.490687894124,0.491809135878,0.497200560423,0.496135235963,0.491437787307,0.495449932695,0.971999645206,0.967587827601,0.966105609501,0.965366964621,0.966245480647,0.965781711618,0.96893192878,0.966211420525,0.967205557901,0.966847805378,0.60769286222,0.625194131563,0.603902447048,0.587535924858,0.589750478478,0.597402824287,0.595417815618,0.599910041391,0.602054943187,0.596146720491,0.985075809405,0.987157386951,0.988011048526,0.988934696027,0.988806107947,0.984429590027,0.98792126099,0.987722382503,0.988594526462,0.988537561843,0.649793532024,0.656072075077,0.678841266377,0.670169364858,0.670294023011,0.657979897108,0.66963652459,0.669236631296,0.668492057337,0.665153150272
0.914725362236,0.904108368016,0.908611722469,0.89807482979,0.890406416337,0.896313143867,0.899731161863,0.896864987531,0.898129682173,0.900690504491,0.493489749049,0.491898351742,0.507504538423,0.476218040989,0.488621820001,0.487195703897,0.491649585938,0.491937452887,0.491005591604,0.494055757473,0.96986422014,0.970572189437,0.967215829507,0.970435223987,0.964994923342,0.966903690983,0.965055615814,0.967636559374,0.966852073175,0.967010676588,0.628350441154,0.590281910148,0.600209833429,0.599392499158,0.600286935765,0.603189308089,0.598978396971,0.598419042681,0.593001166242,0.597773455443,0.985410384503,0.989133144427,0.986031762822,0.989144490547,0.989797982046,0.985216253045,0.987825533658,0.988406589951,0.988108410453,0.986943553548,0.659932434408,0.670936065051,0.677875528523,0.669129973633,0.675993777367,0.659408713401,0.67557445084,0.671740982277,0.672542290872,0.667388817674
0.906295167552,0.899868491853,0.886495287355,0.91260165276,0.893764446443,0.901898174764,0.902079233128,0.900801843374,0.901138532915,0.903761680663,0.511641106316,0.492749295264,0.473218280051,0.490263891283,0.48011766843,0.489954493022,0.497080041205,0.494958867359,0.496825717203,0.494579365379,0.961335133788,0.967664267646,0.967062456626,0.964386906763,0.969872061306,0.965162129287,0.965486214184,0.966790781958,0.96714213661,0.968319226234,0.556798901844,0.596247495741,0.583034853859,0.597987332984,0.588854997602,0.59090777262,0.598452425138,0.599712732105,0.598206729882,0.596794848693,0.990559653135,0.985755983121,0.984819012471,0.987876545032,0.986820816453,0.988130262573,0.988975437055,0.986820352149,0.98802401786,0.98735878766,0.669454153029,0.663356249498,0.6592485398,0.657662975776,0.654771963844,0.669035537554,0.667280940814,0.67025750229,0.666473929052,0.665337676705
0.906778298103,0.899291132806,0.903585153956,0.897651738703,0.895580811282,0.898392392465,0.899132716907,0.899343661553,0.902649267015,0.900388192977,0.520986281597,0.464972892797,0.482455130219,0.48973737728,0.485160237746,0.495586715344,0.485814097709,0.487336151623,0.495143183929,0.49241138106,0.965455624026,0.958590557196,0.968147826822,0.965778748582,0.969217860081,0.967273786776,0.964835155557,0.966861504253,0.968019792572,0.967246480856,0.599435935096,0.615502561874,0.604571719977,0.605131287098,0.60486380371,0.598480914034,0.599267154985,0.601448304456,0.601977409006,0.597840247363,0.992901723259,0.991551477429,0.988646125724,0.985263276178,0.989054428688,0.987965418252,0.988779296822,0.987323906932,0.987586987835,0.987973633631,0.673346248672,0.667012291995,0.665811823921,0.653416032745,0.673888497416,0.673236888622,0.670418200699,0.665904702499,0.666723084679,0.66556023995
0.919913029263,0.898787026781,0.890618137578,0.900150566677,0.906397876703,0.900159332365,0.899126707468,0.901135595413,0.899130057906,0.899844320534,0.516424171976,0.506656752438,0.476537296356,0.465617458923,0.491327932768,0.494418238837,0.486809220906,0.495629274213,0.491141865852,0.491255410266,0.976459675456,0.964668584133,0.964160761494,0.969852315626,0.965553902293,0.966554395401,0.966525134822,0.966910213716,0.966295544841,0.967140748482,0.6177936314,0.596680319075,0.596933422868,0.605716243925,0.601400186895,0.593805378055,0.593674646469,0.600401122827,0.595407254129,0.599263680205,0.993347019163,0.988732372809,0.986979252978,0.986957182407,0.987463718971,0.988440786892,0.988150709887,0.988017762932,0.987889559508,0.987858724329,0.683673200262,0.682817788737,0.668734939643,0.658382940761,0.661247092378,0.655358640715,0.669467978105,0.666926993128,0.667766807737,0.666051446822
0.897959604765,0.898272671344,0.899723986252,0.89618464578,0.907688413587,0.900965530634,0.903036033403,0.899963484979,0.90135081638,0.900736445981,0.485689942566,0.501062517724,0.494160136228,0.489648595028,0.503913574383,0.49325188836,0.495943908901,0.497154367006,0.497273023085,0.496483906095,0.97029546879,0.967006521476,0.970962318646,0.967108924299,0.968897817553,0.963350561775,0.967324335172,0.967439802823,0.968042344005,0.966338286696,0.574648275602,0.586133140683,0.602691492899,0.602715805947,0.59448253113,0.59081332266,0.597034432109,0.596297311676,0.597053967151,0.594125247532,0.988707756593,0.984003117243,0.988567944404,0.987950992737,0.986433200696,0.989333215683,0.987815065145,0.988018843673,0.988217407491,0.988003254255,0.66851006321,0.666046084286,0.64489170913,0.658404608486,0.669476614834,0.672726386525,0.659548355203,0.667699827933,0.66852245757,0.668098714574
0.890492032177,0.90759355615,0.897618889854,0.908928167599,0.895140908965,0.900048389585,0.90128196101,0.902083126028,0.898724868033,0.898942869005,0.478239382664,0.464707489207,0.505548104732,0.497900405181,0.498703189329,0.494295131132,0.495547087329,0.493167344847,0.491351238115,0.490553044894,0.959842388399,0.972002846981,0.968997306486,0.968032115935,0.963466518422,0.968639493171,0.967157678605,0.967566338234,0.965442128952,0.966330175853,0.591479304811,0.612139900592,0.598792708092,0.598486871617,0.591570091748,0.599701194234,0.601489472577,0.598377289417,0.595840987537,0.597915245657,0.984854901779,0.985497542774,0.987827222071,0.989122673659,0.988817985283,0.987545041434,0.989151027022,0.987825900238,0.988920534172,0.98768872814,0.634842092221,0.655112576069,0.667845021906,0.672149112421,0.671464898505,0.673695343,0.660789056201,0.665167979909,0.669047431765,0.668664639938
0.914884347037,0.905859660673,0.906307909153,0.898641338411,0.897659846123,0.90287369879,0.899665762692,0.901539148516,0.90001283623,0.898405840609,0.503935731701,0.505694151808,0.511482789816,0.497283430544,0.489202463232,0.506881739752,0.49226139518,0.500595124915,0.493885668794,0.491775934139,0.973071306728,0.961607778608,0.969680020277,0.969742768905,0.96321261943,0.965934256097,0.966394627925,0.96715641744,0.965532235306,0.967029755819,0.616432437187,0.607914362061,0.596241776362,0.595597610575,0.600463720686,0.588583924905,0.602279767118,0.592645432723,0.600514973124,0.594258351149,0.989007055516,0.984022064837,0.988585764345,0.988033802932,0.985250477938,0.988382818127,0.988232001738,0.987557938899,0.988129064967,0.988462442427,0.663499763601,0.660716584127,0.671208975826,0.660654177567,0.674244458493,0.665818125208,0.671023737508,0.665921429344,0.666301949152,0.666473373417
0.89955652422,0.907336820797,0.896373639745,0.904938714066,0.900895111346,0.904501737974,0.899282179198,0.896572383514,0.901357127123,0.901710965114,0.494785426404,0.496734476573,0.501946713554,0.493055458469,0.482724326701,0.502120931857,0.485210331644,0.49240740243,0.494134460028,0.493502984189,0.977816057397,0.968166025724,0.966443018771,0.965921375241,0.966923371311,0.965955043391,0.965419149783,0.968144666098,0.967054687753,0.96831776814,0.600362819746,0.590907936489,0.608236860637,0.587103690147,0.59701188431,0.607401069988,0.593229257,0.595367456322,0.597683810796,0.59853077106,0.987862148114,0.985958597441,0.988816108526,0.988143984639,0.988506655885,0.987890881065,0.98875832453,0.987712092755,0.987616990045,0.988022199809,0.655422205212,0.665864261083,0.675728487661,0.667440870072,0.677908686381,0.65983283977,0.664727584006,0.673450157741,0.667204628268,0.665197055805
0.905304178628,0.892127562219,0.899223805157,0.895213542673,0.902201290889,0.909958661104,0.90066161495,0.903088460442,0.904493798649,0.901538855743,0.534169489599,0.477924213881,0.485043664482,0.498983806071,0.493192641857,0.504825997211,0.494387797061,0.493493532922,0.496301088058,0.494180665382,0.975862873204,0.963907471805,0.969417755799,0.968573111076,0.963813038227,0.968438567474,0.966814197615,0.966101801449,0.967892859593,0.967691453349,0.618722261168,0.591433823252,0.604739964109,0.605775936785,0.602713186917,0.595258936311,0.594618224464,0.592446164045,0.598636861464,0.596465722784,0.98692372737,0.989985423517,0.989627279974,0.986931454696,0.987086858277,0.988051832647,0.987820563317,0.988151630724,0.987533221475,0.987819867254,0.656884135157,0.646974628226,0.674660440126,0.663937635257,0.657756029897,0.663939480811,0.666229103852,0.663497214928,0.667415587418,0.672410611782
0.904465634508,0.890242825193,0.907852558633,0.901569568843,0.904154207502,0.895814691637,0.90130876192,0.899591622486,0.899840030731,0.899739541201,0.486166168247,0.47517127616,0.498912131434,0.489024986848,0.504117238889,0.490029524285,0.492371899645,0.490388280147,0.49190834372,0.491229329527,0.965702548163,0.971091775282,0.971343648209,0.967542281564,0.961951312309,0.967325786541,0.967578681139,0.965869933094,0.966250076417,0.966775483206,0.581075588555,0.604750542117,0.591061434198,0.59162086566,0.605035620229,0.604883434339,0.598370659943,0.598065686722,0.594006679495,0.597507355043,0.987011282159,0.987610736492,0.986402931137,0.983617725069,0.987120390312,0.987829603349,0.988841531042,0.987658759918,0.988201011919,0.987700547078,0.670859907342,0.67868909534,0.67102439975,0.656474322368,0.672278291324,0.665138744145,0.672215503021,0.669184756368,0.66673693424,0.667916511507
0.912511250718,0.913125222548,0.897234728585,0.907098459814,0.905655739792,0.89877557417,0.901227765437,0.899857421948,0.902332508521,0.900676792834,0.494971404409,0.499419963145,0.48974065504,0.492541713021,0.491456600906,0.485841407977,0.493294431997,0.490117766336,0.497359476102,0.496069204404,0.958290436964,0.967753445941,0.963378655532,0.968260944974,0.965256647834,0.964932113417,0.964513556293,0.967116625313,0.967336232965,0.968701703215,0.57930924405,0.590124565155,0.590205475187,0.584231635134,0.600021759966,0.606908308347,0.592148710455,0.603238767063,0.59961396726,0.598486705739,0.983281247215,0.993413912206,0.9899307422,0.987938606181,0.988273214863,0.987423196013,0.98817763703,0.988477340145,0.98834970615,0.987815734512,0.674250043886,0.663824501884,0.667586495692,0.675547762165,0.671715286235,0.664690052696,0.664131156359,0.669308192739,0.668211269568,0.669231167589
0.900490547187,0.894600679188,0.900571245667,0.908352223015,0.892020992952,0.902550985051,0.901129323971,0.899188619315,0.900479898239,0.899665633816,0.493758085287,0.4797893539,0.48071718503,0.493526118391,0.477016946708,0.503992550194,0.492885088225,0.499149300654,0.490459984601,0.492351438527,0.967132493174,0.965021097095,0.961252870864,0.967059172641,0.966129160127,0.965063617957,0.968162709517,0.968113460994,0.966571362606,0.96859939171,0.613305367866,0.586467488382,0.594782908638,0.610700448483,0.601638848232,0.598233980414,0.598920818309,0.596006512479,0.597669369527,0.597786334243,0.987702922641,0.990917110219,0.990548063584,0.988808308239,0.988636668474,0.986515029737,0.988296898545,0.987902052169,0.987988550094,0.988106937974,0.659198985154,0.681496509431,0.666505040866,0.670605965504,0.678527051776,0.672066635059,0.672037631937,0.66490590092,0.665106342911,0.665842934964
0.902346008523,0.895946795449,0.910602420615,0.905239342104,0.902352095506,0.89206750855,0.900859171996,0.899707898157,0.901767297282,0.90011484703,0.507880571205,0.501836187404,0.480474026501,0.494800562868,0.493212898559,0.486660576145,0.496640191299,0.495382287571,0.493970325593,0.491312136164,0.959644823759,0.964200754753,0.967890200745,0.964885930787,0.967458310233,0.970180121785,0.966997705942,0.967785156432,0.966466239312,0.96717696569,0.607469290008,0.584660157058,0.597087983202,0.590994652672,0.593769034367,0.602032020915,0.596924325041,0.602673247263,0.598540985622,0.594626366129,0.990604406159,0.989492472228,0.991145877862,0.988557980803,0.98831377218,0.985986410491,0.987477275645,0.986716864188,0.988045223432,0.988620182348,0.668502814131,0.695312874523,0.665965326342,0.674210533865,0.657624826997,0.665749685496,0.665474272616,0.668036883262,0.670700684644,0.667541413479
0.911419539727,0.895526311937,0.889460389027,0.897414499452,0.906664015178,0.899037602357,0.901753829852,0.901578867889,0.901431648865,0.898773437048,0.499083426155,0.489083692639,0.482825465155,0.488467731069,0.50448282312,0.496011845281,0.487445192199,0.487722580894,0.489839939644,0.487482150721,0.968660863619,0.963047427607,0.96413433988,0.969696976643,0.968068763184,0.96484627675,0.966491179582,0.967450286117,0.966722440061,0.966206796173,0.599282015638,0.595933448294,0.598718467086,0.601579100306,0.607661790495,0.592092434121,0.586305926983,0.604517194657,0.598354727612,0.598805641743,0.98929066337,0.983305403688,0.987438704741,0.99106824176,0.986613060598,0.987811373432,0.988663436355,0.988281874889,0.987640784926,0.987895623811,0.704961563163,0.648816922247,0.643421690469,0.664192146352,0.670390915307,0.666700204297,0.671133553484,0.668188132953,0.663393382083,0.667852399736
0.908959047826,0.899350398006,0.896422797255,0.901541472961,0.898088289902,0.900711079287,0.897679527099,0.900459503214,0.900472199701,0.899963161548,0.491617106311,0.498831058044,0.493935481694,0.498457228875,0.487624761315,0.497475819391,0.483305589779,0.497602221163,0.48957370379,0.48909198048,0.974683316138,0.966929038481,0.962360272639,0.968355769039,0.966689483449,0.96626305439,0.969550822841,0.966432360473,0.967626250063,0.967335750833,0.650316283464,0.613313563082,0.597708156113,0.607545135265,0.599770992926,0.601666126516,0.596915041295,0.596742209259,0.598204375611,0.599334222705,0.990678437269,0.990485018548,0.987497869904,0.986408284313,0.989889085854,0.986307807223,0.989122235772,0.988547223143,0.98696116866,0.987823110396,0.707129551606,0.666747656266,0.653736520072,0.667044412228,0.677549704762,0.660819352008,0.667227289288,0.667029857511,0.671066745191,0.666536839521
0.903238126941,0.895480036675,0.900477344464,0.897753188215,0.897074579035,0.900286648646,0.900853488846,0.898186608815,0.899691199822,0.903661267976,0.509471536194,0.503394792986,0.463956882916,0.488870896085,0.488328224827,0.487320863803,0.492306004771,0.487461282822,0.497163630989,0.494076315633,0.973048955341,0.96569313924,0.968095059226,0.969313169244,0.97017374238,0.964087314992,0.96802499467,0.967399543114,0.966468080857,0.966577445539,0.616310705257,0.598017593635,0.601484616444,0.605113512825,0.592510454306,0.583997725095,0.611707912536,0.600819643918,0.596740821975,0.597492381512,0.989320782103,0.987945944765,0.991285748095,0.98977737796,0.988977317386,0.988276937694,0.98743445418,0.987557116003,0.987952672325,0.987342725491,0.672875465802,0.66920336821,0.676289952895,0.673395203265,0.67124188074,0.671530969727,0.661552750159,0.673291778368,0.663755856979,0.664692855596
0.911682106877,0.909168128811,0.89981287579,0.903031741724,0.896674197568,0.898856920539,0.89472292739,0.902004911684,0.899372436273,0.901810100064,0.519971267354,0.500902510778,0.487310274578,0.493030830574,0.503526581665,0.487158403948,0.485504846463,0.49481426339,0.487620894378,0.494578973487,0.97302020051,0.971426909124,0.962354011928,0.963161483584,0.964570925881,0.96752312846,0.967853247516,0.966668877035,0.967480734209,0.967003239868,0.584323689562,0.604828338361,0.584268329715,0.601698255734,0.603361477253,0.596580347708,0.600758018566,0.607585943592,0.600455271087,0.595510375623,0.989995881032,0.990611679977,0.987697337436,0.985338172479,0.985528005263,0.989731779382,0.988532957071,0.98801117712,0.987850912189,0.987584533435,0.668838339745,0.692908684592,0.663457544666,0.66891617024,0.65700433484,0.674222109486,0.670226680444,0.662761621402,0.670139133961,0.666081950628
0.902652554688,0.897300491423,0.901897333354,0.900864590692,0.906294502617,0.897445648836,0.898335338763,0.90267892733,0.900807810725,0.901760020621,0.502403730745,0.502267024424,0.488640755977,0.488097701231,0.50144113049,0.493466282091,0.493201032345,0.492375241567,0.488710820489,0.49233109652,0.965738534012,0.969266713034,0.970185881347,0.966960629536,0.964287140532,0.96895006891,0.967779711196,0.967813011607,0.96648569637,0.966813608141,0.598820753138,0.612921017766,0.59498710733,0.573510713713,0.586810232571,0.601121039939,0.596457531801,0.604675434586,0.600282623588,0.597545279692,0.988341849624,0.983851144251,0.989495047203,0.989948325755,0.986877620283,0.987778733138,0.988205065169,0.988049550572,0.986962117363,0.98859690828,0.691547931351,0.672760131198,0.676788641997,0.67898713762,0.667134381067,0.667092194277,0.667414295025,0.669746818807,0.666590925134,0.668997369576
0.884861467894,0.887315500609,0.900309414936,0.89460489071,0.906212096727,0.895231340904,0.902581261799,0.901731287781,0.903221713152,0.899629396348,0.5056087615,0.466256135454,0.498737389275,0.489391470027,0.492420693137,0.477510500568,0.493957012528,0.493142738325,0.494686730556,0.492508206228,0.977140635121,0.972522269759,0.973253488735,0.973484176387,0.966866197487,0.969009106937,0.965686603768,0.966663429025,0.96832434649,0.967694651913,0.634443816792,0.587725509969,0.604625515562,0.604937626155,0.594567419766,0.601513804374,0.596157793327,0.595417800184,0.599560987148,0.594285306865,0.990122636157,0.986714523948,0.988229236688,0.986855148978,0.988959101496,0.986608185328,0.987572958418,0.987618534422,0.988339283258,0.988693439716,0.667305884802,0.65602445797,0.669248179169,0.662529761252,0.66446496937,0.657569421258,0.670231873154,0.670439715137,0.663262585869,0.67024109694
0.89340247208,0.878915279093,0.896521659305,0.894887790181,0.90057156936,0.898445457787,0.9028719268,0.896477012718,0.896590074448,0.899606252041,0.481273980835,0.48850131339,0.496495724155,0.501916179186,0.487121533821,0.495579918698,0.492146487788,0.487429364362,0.489725566623,0.491410181521,0.958878591373,0.970097973389,0.969675472803,0.966704102339,0.961831698392,0.969645155476,0.968614498126,0.967843318219,0.966656018938,0.967094616421,0.592624005576,0.591061542859,0.603919524751,0.598588964344,0.598400817867,0.603696816473,0.603885066117,0.590738798467,0.601888140813,0.599543973489,0.984649830308,0.989265991325,0.989774021182,0.984139877607,0.988963259543,0.989191935362,0.988273109954,0.988112637112,0.988032575773,0.98819380565,0.654751345276,0.665272247966,0.669036712313,0.671032402338,0.678037787775,0.663458555523,0.673531209557,0.674425970444,0.668693304181,0.665843624823
0.89960927322,0.90078649216,0.907095297472,0.891547665498,0.907734231298,0.899483093092,0.898848163528,0.899923442126,0.900037140774,0.90150823557,0.485110876362,0.497142559689,0.491621111542,0.505633488518,0.486818141022,0.507689754326,0.485870827163,0.493976738886,0.49426308892,0.492719725638,0.967301332075,0.972719526443,0.967913107674,0.963650145261,0.962470319001,0.963746880928,0.965166192167,0.96812552478,0.968370910255,0.966302765461,0.590802792365,0.596342824734,0.596719322672,0.604235067727,0.592344870587,0.593971512842,0.597066444307,0.595604758553,0.59908006562,0.598829811679,0.990200039671,0.988179699307,0.982074929679,0.987756481402,0.985925589133,0.987940222666,0.987922601543,0.988352118177,0.987587091213,0.987954391634,0.670053380298,0.666431209824,0.651396716239,0.654934483329,0.657223912082,0.66815570721,0.666559179565,0.673167710601,0.66506014914,0.664977164972
0.888108566037,0.897404455943,0.895817185129,0.906976721372,0.897643169542,0.897791012589,0.898976717923,0.899593968781,0.897555349283,0.898910976087,0.483071643632,0.488917327523,0.496146907873,0.503949309932,0.482962551699,0.492320122283,0.492336051341,0.491017643928,0.49048672337,0.492431986089,0.960683108081,0.963988059885,0.969569316655,0.967950802506,0.968933675898,0.967410232187,0.968312826004,0.96599494303,0.967700786039,0.967875751817,0.57883765461,0.558619196335,0.603973210661,0.602223954454,0.601227598439,0.601815860402,0.597758015139,0.593069008643,0.597570216937,0.597065220484,0.991604227435,0.989254180175,0.987889193252,0.988016834853,0.98976984352,0.987588354518,0.987430109275,0.987441889751,0.987855382642,0.98805738373,0.65325477503,0.685672086407,0.669970259965,0.666626278625,0.672911316405,0.666770003723,0.661275789864,0.6656321411,0.667996126586,0.668191876464
0.911234543247,0.906978467383,0.892826094975,0.890295095677,0.89977000704,0.89883225355,0.900600281392,0.899238839719,0.90094959059,0.901477018687,0.494194128193,0.48639529763,0.497375550509,0.475500033236,0.498778666747,0.493332859611,0.497939678814,0.492745174723,0.491554028516,0.490822598764,0.958285446429,0.962380829668,0.96678807288,0.966159752309,0.963213549594,0.965964593577,0.966706414972,0.967896747024,0.96583180695,0.967669996878,0.548406032135,0.615351872363,0.597574812231,0.599689905401,0.595667622519,0.597658995309,0.597140049424,0.598075588655,0.596671661768,0.595346116442,0.989755734796,0.985406296231,0.987789426206,0.988158057346,0.988816493437,0.98732033782,0.988068971912,0.988607070289,0.988250358246,0.987177444053,0.638937392789,0.651785031203,0.670210595591,0.654042157825,0.664169047964,0.669684389169,0.665809614954,0.671834197664,0.668935178172,0.665589271702
0.907290319557,0.903995810896,0.903379783964,0.905060979667,0.904830818089,0.903381641865,0.899812574331,0.898007386282,0.898491422572,0.899247484068,0.535302056852,0.498267910384,0.489426944287,0.505391234188,0.500284164899,0.485259819062,0.494725430958,0.495492410948,0.487646103927,0.489429563512,0.969493247482,0.970708968023,0.9706110545,0.967463496684,0.967673185609,0.965661778934,0.96707959107,0.966227379334,0.966496711628,0.967300685957,0.60051539915,0.603576001631,0.593824775272,0.589113122411,0.593248920934,0.602252043386,0.602084027406,0.599638751566,0.596357931717,0.598224496796,0.985087630074,0.989064844267,0.984094690348,0.990508362366,0.986557082262,0.98617285969,0.987319068464,0.988613949864,0.988279921911,0.987756685384,0.657837677418,0.637424091305,0.664482824454,0.669835113377,0.657058467274,0.671974291859,0.673771221366,0.667309900966,0.668090166171,0.66728827061
0.908088293113,0.897526253967,0.890329746529,0.884833216373,0.906521147145,0.89597513875,0.901447811188,0.901509587586,0.898924126755,0.900948005596,0.518357660991,0.500031122064,0.465204877812,0.468103661286,0.495502592842,0.477662598057,0.49261366076,0.497961242576,0.490732865864,0.492753389191,0.969046346564,0.969503122271,0.973021676748,0.96928877137,0.966472800083,0.968368851527,0.965750948297,0.967421797134,0.964989796966,0.966950670787,0.598348045095,0.605222570152,0.590739222073,0.598854918575,0.587743136,0.592489654683,0.597196954897,0.598420382034,0.597579032458,0.599266329462,0.989088775157,0.989610461252,0.987569871184,0.990297859898,0.984008976186,0.988521990676,0.987145565202,0.987915045039,0.988146625814,0.987487421486,0.649743635845,0.671093379465,0.655482720176,0.694983828797,0.667587272501,0.6597221833,0.674059421245,0.666866698289,0.665283225032,0.666004018056
0.916857607873,0.89230728402,0.901665341637,0.904003234281,0.90960100834,0.900014304373,0.895836554242,0.902677889265,0.900239469014,0.89929889815,0.502457403179,0.490784193703,0.475040299812,0.490022553766,0.500288577889,0.491231583263,0.489003121957,0.493527165771,0.494472544193,0.491409257194,0.972974802708,0.972465240893,0.961905385405,0.966675942059,0.969818809911,0.96836404608,0.967165689734,0.966552307471,0.966234427921,0.966478690731,0.628217595912,0.595916742747,0.602033438042,0.608902046978,0.601612364316,0.591105156132,0.59861004123,0.597245775745,0.590841212054,0.59731070793,0.987599533053,0.992570020335,0.987281320005,0.988490407947,0.988421680524,0.988847401272,0.987736997046,0.988226322182,0.987622590865,0.988199771745,0.693195650591,0.678854899008,0.658619244374,0.673788801087,0.680091352478,0.666242676737,0.66492740647,0.667262038005,0.666176456527,0.667880127218
0.888531593432,0.901460557793,0.912655379111,0.893356579745,0.905339709694,0.900674750867,0.900336582135,0.900471731241,0.899940177719,0.900869103002,0.497408909727,0.495521791669,0.507841723259,0.487686975785,0.499040558689,0.49504287911,0.498316306489,0.493746600801,0.492151820058,0.495465033731,0.978945113404,0.968450352092,0.964832227728,0.965148686996,0.96954974286,0.968446838556,0.96621927847,0.966913641479,0.967403764779,0.966972454036,0.605244916572,0.592136811883,0.610319175232,0.590129316209,0.616502289043,0.598445649201,0.601374012401,0.598002941944,0.595437963162,0.599098542897,0.98764625022,0.99048637134,0.989069437267,0.991964833345,0.985268457239,0.98678399727,0.987312145072,0.987070468377,0.987983113994,0.987884186498,0.668082976746,0.672976728463,0.664033817266,0.687541800313,0.663015257232,0.65545521841,0.672402326241,0.667207877932,0.664468069493,0.666295395834
0.888479134331,0.898725601351,0.899982919907,0.900737888926,0.903843705317,0.898244737248,0.901541242904,0.900087000373,0.901589646175,0.900550531599,0.479547227604,0.49440744402,0.491452648558,0.492728968431,0.496754402637,0.491873769437,0.493191487458,0.48961906661,0.490061932408,0.494498831187,0.971481228395,0.965077442485,0.964989308833,0.968238187682,0.96980115093,0.966561884279,0.965157657823,0.966494535129,0.96854122573,0.966477157828,0.597554260508,0.614407571163,0.603778187513,0.584355515843,0.600122618334,0.597594144588,0.598381713313,0.600805745425,0.601472184357,0.597506794786,0.994308171978,0.984225555428,0.987276383636,0.988596055281,0.989736417085,0.986461023789,0.987703461296,0.987884023792,0.987872104382,0.9882884428,0.699431069794,0.672777152491,0.662397351185,0.671770893053,0.667303951071,0.667538476113,0.670928005079,0.664774603937,0.669323430952,0.669211486861
0.888793447877,0.902500234116,0.89936019788,0.900375816739,0.899915213552,0.901435222579,0.898733005886,0.901438907078,0.898699562817,0.902531508617,0.482748431295,0.502566009757,0.493763587962,0.487886842944,0.497319123872,0.485438653483,0.493025931707,0.492920827954,0.489609406263,0.494766585124,0.969818446121,0.969401900039,0.963800469999,0.965328831989,0.96296875119,0.966518777685,0.965834747285,0.966811778906,0.967453662121,0.967730040052,0.583872878514,0.591013876383,0.588690167845,0.609566252838,0.578057145723,0.597820068093,0.592239833666,0.601020940442,0.597349766556,0.596739041702,0.988796706783,0.98888921622,0.99032517335,0.985626435288,0.987484569374,0.98924750863,0.988592479084,0.988021056923,0.987681154043,0.987701766153,0.68075805909,0.665437829768,0.673256467763,0.676703253785,0.655865447723,0.670575308735,0.668291426798,0.669952132199,0.667007450604,0.666443344807
0.905295838214,0.894731156396,0.912004177889,0.898060170078,0.898486105858,0.901817446077,0.899323271124,0.902741529352,0.901463170216,0.899759040246,0.501808940551,0.492651783253,0.498362183755,0.482276820136,0.494818121992,0.504339018613,0.493028122934,0.497414456867,0.492755920903,0.493200341146,0.966021229047,0.967884782763,0.97125400287,0.966439979626,0.967335871251,0.971093651125,0.966370326206,0.967823973902,0.966549459184,0.966432209488,0.568582665846,0.584831719746,0.594152691591,0.592930888197,0.583357406013,0.597267237557,0.598013618909,0.598735875038,0.60042607844,0.599973923679,0.989716989922,0.990246082702,0.986538107995,0.986397547544,0.986545331042,0.989147641687,0.987655795044,0.987401169823,0.987809898514,0.987649427002,0.676582180633,0.686294360507,0.664483039437,0.689415431058,0.659670064865,0.663654123881,0.668396481377,0.664541435013,0.673713440203,0.667446196493
0.890388951702,0.907034905316,0.901067306352,0.898990622561,0.8840501193,0.906380950312,0.900163567878,0.900914824433,0.900065876994,0.902157297789,0.469630342136,0.498128277364,0.493789801055,0.489879468649,0.46801058187,0.492752459534,0.497636045369,0.492411539895,0.491305014152,0.494128847264,0.962195245967,0.967288466963,0.971128159563,0.966016280773,0.969214822728,0.969082729023,0.966636481047,0.966957795527,0.967649798592,0.966689795712,0.601348602286,0.605243114997,0.601134660676,0.598012147739,0.594910234187,0.609444517548,0.600798394808,0.597487462819,0.598079419164,0.597382312152,0.991780076931,0.99087452217,0.985657931358,0.987894379495,0.989187951354,0.988413201155,0.987713132998,0.987742057413,0.987589852699,0.987591636324,0.683534814723,0.646319929478,0.667927643275,0.656514583049,0.670776505324,0.666344239539,0.663683456639,0.666939063687,0.668739368694,0.665399195998
0.895120373948,0.893382933172,0.898709972907,0.910884683114,0.901055666189,0.902271938689,0.897011906458,0.900856604289,0.898825724578,0.901539393092,0.494322832416,0.495160858404,0.490870278592,0.504541615308,0.494189398486,0.506758494673,0.490008046567,0.487832923102,0.490114931128,0.495664960783,0.974760923622,0.962704927426,0.965634315701,0.964917175338,0.96941852063,0.969035190354,0.966557121097,0.966797127962,0.968331594468,0.968011753226,0.618686708608,0.602559822418,0.586410556723,0.589759891258,0.600274104171,0.599595372694,0.601649868932,0.599019504054,0.601426458699,0.597415648368,0.983760892023,0.990475529673,0.990647529063,0.989116488653,0.987385623683,0.988651417331,0.988237258886,0.987629665659,0.988302499834,0.988279337612,0.688516022622,0.666677539101,0.676443783501,0.670524446885,0.659229538014,0.661264966986,0.667581283445,0.669780747984,0.668105466253,0.668954347367
0.907279385628,0.902157551813,0.893090291624,0.901784746019,0.889913293368,0.898667107598,0.901227238465,0.900712094299,0.900621179597,0.902798088658,0.496409624663,0.474922928781,0.494039621386,0.491727740579,0.488514204255,0.494337931268,0.496494227572,0.496437806334,0.493216724825,0.491136740648,0.963784221277,0.968990444706,0.965877891198,0.959137860088,0.96493481118,0.967050157173,0.966479087361,0.966194109728,0.967022637138,0.967085422546,0.586871419967,0.596622792242,0.583058126796,0.591614403233,0.596378440494,0.605298324994,0.591045021726,0.602628904873,0.593751517301,0.599273258023,0.991173647281,0.987815680069,0.984880095911,0.986849495629,0.983322896297,0.987573222487,0.987921960143,0.9877070875,0.987919796814,0.988090681514,0.659934313551,0.675266863825,0.676462394674,0.673824833662,0.65539543477,0.663600981807,0.67338544914,0.665421693568,0.670833855347,0.665810862408
0.910971288547,0.897445537668,0.896848025266,0.912031408193,0.898754812871,0.902798733375,0.898650292267,0.903048845794,0.898408333271,0.902939558381,0.502747784702,0.482177955896,0.496105212927,0.500023479157,0.490588890283,0.498450969441,0.493274567245,0.496266266013,0.492890057553,0.497649954095,0.959870814921,0.961225597754,0.963121720077,0.966622930317,0.967200195037,0.96831990426,0.968627593885,0.966207274889,0.968875940681,0.967706465769,0.592634771436,0.565693681893,0.604522514058,0.600285167715,0.594601429174,0.592455331002,0.596984034754,0.596492306219,0.596630013956,0.594446953956,0.992680144739,0.987272473392,0.987824338792,0.987644275471,0.98620180534,0.988278848124,0.988621396657,0.987225641638,0.988673023235,0.988396292799,0.661945391643,0.675979212613,0.662672168574,0.666692733741,0.673945401518,0.672025766002,0.672401053647,0.663376671306,0.666673917638,0.668819698755
0.894630353288,0.914591826859,0.896475209804,0.884729926018,0.904113509637,0.893478381094,0.898802955962,0.898257088172,0.901701854161,0.899582024577,0.472366771282,0.485637650702,0.475877650689,0.477438356782,0.504600947603,0.492226638652,0.488210763869,0.488122257444,0.490966880101,0.493888704934,0.971113404074,0.968469511612,0.963951418387,0.964024164784,0.961397940128,0.963338414098,0.967973182689,0.969177237208,0.966358204796,0.967127829926,0.595371307942,0.580437894003,0.599361325968,0.583414178363,0.585275485392,0.609347397275,0.600522222515,0.599651361722,0.595813554997,0.598957438722,0.991964624417,0.988703338072,0.990519140383,0.989926791594,0.986799956032,0.988977264245,0.987465461116,0.987754456087,0.988303146823,0.987580121699,0.676412226138,0.674696871659,0.676377105622,0.671027740358,0.651431560422,0.67855919267,0.660992455426,0.668990042789,0.669334497318,0.665716007414
0.910584355998,0.922782103899,0.893189453121,0.897859121424,0.901110477361,0.902877704937,0.901959057307,0.901353164109,0.900137739277,0.902137115094,0.512610745384,0.505367301474,0.492751173342,0.494702171076,0.492187624039,0.496442155792,0.501558301596,0.493333883929,0.48958141523,0.495440224714,0.966516888589,0.964732894022,0.968529066975,0.97071371421,0.969823078311,0.966722247975,0.969691752353,0.964607374029,0.968176651063,0.966917292515,0.604926223994,0.578210672512,0.597374843992,0.597548439096,0.591373486868,0.600640648376,0.608329522292,0.599424793398,0.597166150171,0.595364549152,0.990089499274,0.990645458768,0.987048058871,0.987593148419,0.98590917024,0.98760553217,0.987255415245,0.988243838428,0.98835372384,0.987747631264,0.678059361754,0.672709539998,0.665826473374,0.670843481548,0.642438702461,0.66936678338,0.668437975103,0.6697505118,0.666711161439,0.669460834967
0.908682236281,0.894013377168,0.897995166033,0.900042285098,0.906455052123,0.894118448395,0.90115028768,0.899230847224,0.897406784259,0.901338015807,0.478167734225,0.482824497533,0.50044440695,0.493619864335,0.498864232588,0.492151232431,0.484018053276,0.489615677642,0.48754700046,0.490986077269,0.961162641186,0.963975780033,0.961211302229,0.965298891383,0.96711029386,0.966017745242,0.967209681197,0.966945571759,0.966703372991,0.967431195455,0.595457958442,0.584406770248,0.59653219309,0.591406875416,0.595847170317,0.602639000936,0.594657201316,0.597577881371,0.59498201706,0.598668374303,0.988389318132,0.985698665777,0.987526822425,0.989605682197,0.988224980803,0.989549871354,0.987947784282,0.987921677157,0.98753550792,0.988109044669,0.671482583898,0.670478490961,0.659214858495,0.668862237127,0.664948848672,0.658449133803,0.668882403233,0.662320807356,0.671629907435,0.666622239693
0.895017442959,0.908262650777,0.909439229509,0.905899700148,0.896491729749,0.902381881997,0.894839827251,0.898041409892,0.899008798938,0.898982454952,0.455189111891,0.495917179103,0.510022985566,0.513255466289,0.489328363127,0.482421425494,0.493631820779,0.487602953059,0.48882747636,0.493035705184,0.97235428112,0.962372743404,0.962700761813,0.970337274039,0.97140942278,0.968384917082,0.966265442349,0.968438002971,0.967788891614,0.967416689256,0.586534228881,0.587242251169,0.609114498343,0.587121057673,0.607921049673,0.59604201241,0.591985094038,0.597328717353,0.598362412619,0.599736991521,0.980853056078,0.989380731388,0.984654738921,0.98587940184,0.987422622325,0.987644825711,0.988865113954,0.987408815753,0.988341722341,0.987505803684,0.670385205301,0.681148144103,0.668040556133,0.657712425219,0.665513832418,0.672749281167,0.667659191377,0.667112584786,0.66534118456,0.667329025116
0.898881347485,0.891757098239,0.888692911787,0.902188134441,0.908556631866,0.898446588222,0.900042827753,0.899979189966,0.899427064384,0.900973498748,0.524015175924,0.484616029423,0.505071101896,0.502308922051,0.492314123729,0.494898750953,0.490836729716,0.492867096015,0.497057861747,0.494600731255,0.972530183731,0.964338204792,0.966555693631,0.965815811817,0.967180479955,0.964657903862,0.967519096864,0.965548102208,0.967070945759,0.966671145639,0.616417293077,0.591740502808,0.608964276235,0.597137589131,0.609342724973,0.59797184383,0.600736980182,0.596406802646,0.594641199965,0.598616847576,0.990913557135,0.987471673372,0.989224004624,0.988411540199,0.988800910678,0.990239126595,0.987697278383,0.987573971804,0.98747020767,0.98802058204,0.635298538937,0.652670469403,0.653468542441,0.65414733464,0.662624389829,0.671738142151,0.664994367761,0.666813353783,0.667403884864,0.667469037328
0.895376775407,0.892660337337,0.912648770845,0.902663755997,0.901486137311,0.898324086687,0.900802287065,0.899899963125,0.903765707544,0.902046515879,0.497805318344,0.46386113949,0.514130294266,0.501593403224,0.495947450284,0.485624538056,0.496226854354,0.498360842128,0.494686294182,0.492912748051,0.9645132664,0.968727530051,0.962763141278,0.968505850649,0.964290958444,0.969265440709,0.964939345655,0.966761874397,0.969556206948,0.967350449215,0.590584254016,0.584570100502,0.594176021609,0.600386691449,0.600564776929,0.599477952693,0.592050815604,0.594032559435,0.601693435299,0.596983084032,0.985319972786,0.98824836182,0.989696341454,0.985825078252,0.988248462251,0.987203799996,0.989228643718,0.987520254539,0.98727650137,0.988315705815,0.655115676636,0.691765164285,0.677677836597,0.671335764959,0.669564497533,0.655325860407,0.664185598608,0.667977897873,0.667307218635,0.667787257805
0.893969699621,0.910239707372,0.897751534087,0.900354892405,0.904874548667,0.9015757894,0.899493577266,0.903851756934,0.898549255217,0.901508552577,0.515185363375,0.509730494068,0.497612511563,0.498080504661,0.500564829704,0.495217194789,0.490144575135,0.494853999947,0.492389179537,0.494162045747,0.966488158202,0.974495158302,0.964720916174,0.966618515991,0.967598913602,0.966830112184,0.969584531708,0.968043582427,0.967385822607,0.967189478981,0.614513670454,0.613245223262,0.581062487429,0.613763332239,0.586578783745,0.596270468982,0.59318881461,0.598097715989,0.59690860804,0.595775252823,0.987360097068,0.98176673724,0.98609463146,0.987389439608,0.988282211352,0.988047624109,0.987828533018,0.98807045935,0.987564171039,0.987897043915,0.680439867323,0.647444835301,0.670483883578,0.672750673419,0.659069102055,0.667254324441,0.666769204142,0.666186169862,0.667707462581,0.667983348982
0.899876276126,0.888809985294,0.905928780589,0.902753321812,0.895878178989,0.901621029705,0.898261475226,0.900217142519,0.897340892362,0.900873224771,0.510170668013,0.468377893512,0.493575022772,0.489607379603,0.495396759452,0.490417392863,0.496396200128,0.488602013222,0.490301595447,0.491489172656,0.961419331362,0.967095853735,0.961877686138,0.968258094343,0.968179792325,0.966954619317,0.965180980578,0.965518710762,0.966545974315,0.967694950297,0.597104727879,0.600992667979,0.582949259199,0.615360258434,0.606087488974,0.60080099536,0.594897557173,0.592522985193,0.596238207494,0.59608597254,0.986944818078,0.986516679114,0.988262709759,0.985824883111,0.987513175926,0.987192737942,0.988082844314,0.987420721822,0.98772789144,0.987052106979,0.625740761811,0.667237943917,0.700103417991,0.668312657717,0.651056456331,0.664050535105,0.669264546019,0.667543065075,0.667742070562,0.668953453743
0.881622205497,0.905530555553,0.894854317936,0.905204660483,0.896884435805,0.896999710853,0.896162682871,0.898724392809,0.902249653518,0.902540747984,0.48090224562,0.502470816082,0.494744115596,0.498115732028,0.492033253205,0.49332277464,0.492726665086,0.494830425181,0.493655834827,0.495011177903,0.966518587736,0.9652664287,0.971476962668,0.970407220663,0.965743633566,0.966282316358,0.96681844426,0.966829912823,0.966259304053,0.966893443848,0.594297036835,0.572810779208,0.588008343031,0.603842030717,0.611223087859,0.59491412484,0.595134668728,0.594374870794,0.597309381449,0.592994086478,0.983298292642,0.989373039413,0.990688639981,0.987307370569,0.989852576882,0.987868718566,0.987693224992,0.987988017611,0.987894645202,0.988530796632,0.648194151457,0.670815817859,0.672555329968,0.66288223531,0.664159552421,0.660702473434,0.662717774196,0.665775563721,0.667802444343,0.671089927842
0.905581673196,0.910835433065,0.886654905773,0.908298365488,0.899513982275,0.89954313856,0.899772913265,0.899974722632,0.901770695395,0.900396437912,0.458550488125,0.487456221406,0.468082702924,0.507822527235,0.501742539504,0.502589343149,0.500530232025,0.497929872501,0.493413408913,0.489983966148,0.956566689106,0.967806035405,0.972445682788,0.965528245101,0.96468958737,0.969672222489,0.967777880783,0.968041299942,0.966617834487,0.965749882469,0.560425711608,0.622379491346,0.581474904441,0.594548100797,0.588312763928,0.595799493428,0.596450619753,0.598874932662,0.59574200877,0.59704071068,0.98665878141,0.985397934651,0.98792655398,0.985457637309,0.98801837364,0.988318140434,0.988900434862,0.987365769238,0.988327272156,0.988044583562,0.670981389505,0.66235891819,0.679652853273,0.641355693446,0.674029876784,0.671012247685,0.67169645705,0.662904765938,0.670372477324,0.668724371418
0.921174427762,0.90634156471,0.908864766005,0.897392520153,0.90543716055,0.90253491966,0.899032487691,0.89640299597,0.900427080431,0.899196756696,0.521508975155,0.490405990017,0.530867356279,0.499276462875,0.501908113597,0.499883117715,0.498578300387,0.491085926128,0.489627227271,0.489042571782,0.95731023925,0.973810602603,0.96519721707,0.973031043288,0.965283374161,0.96574545758,0.96537327819,0.965806258049,0.967577005116,0.966729449709,0.599352391384,0.617408648605,0.5969181882,0.591468342029,0.591626811106,0.596642076736,0.597772189036,0.592940242634,0.598492284645,0.594589320039,0.987828314238,0.987962877855,0.988370103486,0.98947988073,0.98870110513,0.990649213808,0.987893650188,0.988608413881,0.988203001523,0.987545248596,0.644508861269,0.660791981501,0.664433917158,0.674320669805,0.676977026208,0.657410066686,0.668183443895,0.674054499845,0.667247762773,0.668221933519
0.899420631466,0.8996605206,0.900004419772,0.909456018059,0.900733999083,0.900478486214,0.903319788366,0.897703007959,0.900203182436,0.902345316942,0.503530223198,0.502802093256,0.493734219522,0.492683157558,0.507812982304,0.490556967171,0.490543777469,0.48782046617,0.491577746074,0.495933427185,0.969048928082,0.968654647839,0.968501060382,0.964599902965,0.964797143328,0.966200041511,0.966995151311,0.968955073908,0.966460561188,0.967932800993,0.600077202296,0.599432037841,0.596856217549,0.586200566747,0.604972929555,0.594152058562,0.589706410971,0.604457842979,0.598651766773,0.600743566878,0.9930653039,0.987027769618,0.986344679234,0.986794947372,0.987590543126,0.988573719282,0.986852806251,0.987546492135,0.987183505686,0.987535061278,0.668336775756,0.68199895909,0.665269581416,0.658459775427,0.657209345431,0.674011179555,0.668172502741,0.664831739986,0.669056626886,0.66604052773
0.879022906372,0.905605176389,0.912887579408,0.888874464334,0.895428512343,0.895171951853,0.900235832268,0.89817384216,0.901599199567,0.901054974994,0.521635450615,0.48970277821,0.497143102834,0.478538504352,0.491541828198,0.49257231118,0.501442648586,0.490619220622,0.489867319385,0.495041115194,0.953269802404,0.959471938058,0.961669668341,0.968598103204,0.964460358097,0.966755566431,0.967475696719,0.966679835046,0.967207494122,0.967483203969,0.585575923333,0.590214761729,0.591407527574,0.60260878254,0.597301067647,0.602846969022,0.605327885827,0.599823724866,0.597409603755,0.596929022462,0.98806698639,0.99158002752,0.990991919662,0.988656586968,0.990003601872,0.989190295689,0.987513032097,0.987974231866,0.988480593621,0.988078176407,0.673902093971,0.657271724675,0.683756943813,0.66343240659,0.660341416893,0.668832848857,0.665051665918,0.666653579017,0.669281990158,0.668958524272
0.910601821573,0.903108411455,0.901306870614,0.901036505117,0.906522025487,0.898360142339,0.897892860998,0.897977240711,0.898527316742,0.900663771189,0.498529053816,0.480312638281,0.486345651486,0.491553428432,0.505514477218,0.482137122546,0.489810332966,0.486288934125,0.495715557772,0.495096377061,0.969759141224,0.962899004347,0.964423938717,0.970393492592,0.969782869814,0.969220753838,0.967894980872,0.967031391195,0.966508380855,0.966001863411,0.62930981761,0.595156072344,0.586720377536,0.609945788866,0.599733780931,0.594554066434,0.600284764716,0.596461752859,0.59536913173,0.594725147853,0.992921972523,0.981998288533,0.986231953478,0.988420700558,0.984689866411,0.989912350552,0.987764680742,0.987264129944,0.988777770399,0.987957475474,0.677608601104,0.651216778395,0.674404959447,0.667812489682,0.686201029836,0.666184547496,0.667166474586,0.668153282631,0.666495746335,0.663392408675
0.893406370568,0.899755725245,0.904322681119,0.901827213371,0.8944054156,0.893018752689,0.89967290545,0.89917555949,0.899207462268,0.899208277945,0.472863127495,0.494421615719,0.494261505624,0.490106489939,0.489678273971,0.486613306887,0.49834194895,0.492302647546,0.492211751338,0.494170229434,0.961995926267,0.9659227869,0.967694880095,0.96785975182,0.965321470573,0.969347241285,0.966606561668,0.966607120166,0.966397847188,0.966188543139,0.590945742994,0.589455994693,0.587855377098,0.605018520529,0.591799709233,0.593800432259,0.603312919309,0.595475502587,0.596873105826,0.592069848734,0.98652827711,0.99018147999,0.98660215383,0.985039282603,0.988652085783,0.989143499343,0.988013937068,0.987764000273,0.989536618274,0.987546439298,0.671448980646,0.670779667579,0.658856919304,0.661819633983,0.655721199232,0.668730950447,0.663674461826,0.667365837571,0.669875113662,0.668295470263
0.901194833951,0.90778618523,0.895098511821,0.898725614136,0.912247952116,0.905164968942,0.902458060559,0.902098151573,0.899446201519,0.901173488369,0.474764321444,0.506115001027,0.496608225629,0.488799372928,0.508264541966,0.498593176352,0.497595249682,0.495177644352,0.493238270402,0.492578835272,0.96653430153,0.962163738077,0.962700049603,0.966114256558,0.968870515098,0.964948945503,0.965179717461,0.966005658712,0.966457677055,0.967182247124,0.605466715864,0.61494563367,0.60149439275,0.600272352815,0.603330040193,0.592152579901,0.597854689452,0.595181870873,0.598791683667,0.599649652681,0.991930274885,0.989594732443,0.983880699764,0.989495913606,0.98638368243,0.987043910705,0.98788603112,0.987642275236,0.988305554415,0.987720530326,0.691269585077,0.674487666578,0.665000676486,0.670056396968,0.656225261872,0.666722887838,0.665536153316,0.664893011002,0.667264568408,0.664731074896
0.889233962977,0.886776898381,0.902304487642,0.894950658886,0.904918136054,0.897429138597,0.896789469153,0.900938252378,0.901862090437,0.90052198803,0.475705469663,0.475491224237,0.484736230715,0.481625835107,0.484743762027,0.486387160356,0.488912039375,0.498262078563,0.493182994818,0.494286060494,0.978670658599,0.960824923677,0.96750353167,0.966442759686,0.963985026428,0.967061332877,0.965937813752,0.966282016684,0.966611352504,0.967670572809,0.584012157502,0.599553085586,0.59891931357,0.604186934754,0.594219844078,0.595976320441,0.594931271181,0.587877463872,0.594105021962,0.598465618201,0.990542388044,0.990387354172,0.985610606463,0.989287414991,0.98765243236,0.98958807395,0.98847340773,0.988196596824,0.987622698667,0.987404723644,0.6566636015,0.669024190545,0.690808196846,0.66978208421,0.660954931982,0.666103206228,0.666550085696,0.665642027132,0.666782455076,0.668510115774
0.89361497643,0.905221706738,0.902360467381,0.904909333556,0.89708696623,0.905744656718,0.896528322924,0.903463238744,0.899272819659,0.899943550255,0.482031692743,0.498737898581,0.498356763605,0.499162952234,0.494499797596,0.495290013208,0.483094719581,0.495162085908,0.489870374101,0.49207992287,0.958821750587,0.972439536202,0.964233761415,0.956846676549,0.960625607606,0.965310260026,0.968239568554,0.966529817859,0.966339108483,0.967380047994,0.576635912511,0.593219370259,0.580713895128,0.577133244153,0.596789296139,0.594508708783,0.605666427061,0.595154933603,0.595335869386,0.594626887644,0.991976669638,0.991114409131,0.98745198313,0.98732350987,0.988444430271,0.986529717887,0.987416770223,0.987520298759,0.988287244833,0.98789109026,0.683852293837,0.669157278737,0.669591015849,0.654265561173,0.66535541822,0.665560703506,0.674696938391,0.662604434393,0.67015668027,0.667532697814
0.907377186332,0.894538535094,0.902602993942,0.898754479602,0.900317490072,0.901880656813,0.900213207668,0.903772104868,0.899054520429,0.904035611843,0.497274434651,0.488313139361,0.471124915329,0.488577211752,0.503415747284,0.493127038771,0.487522322868,0.496585986711,0.490551719168,0.497107935804,0.974523763032,0.959474174173,0.968050641384,0.967579939239,0.965068360987,0.967770798607,0.967227651809,0.968322649093,0.969100369772,0.967410212786,0.630144144357,0.578588822498,0.607954297583,0.588348110846,0.590653999469,0.600578826888,0.603050556822,0.593948437296,0.598036602928,0.597015027463,0.982879004299,0.98426584665,0.98838202875,0.985437745981,0.987508353355,0.989092706019,0.989794402569,0.988224401217,0.987816304736,0.987691598776,0.674063650938,0.657572746851,0.667860939947,0.653174745219,0.668151985286,0.673563176931,0.672272456379,0.665811951669,0.667871468138,0.6659377956
0.902349840738,0.911693993173,0.901093637016,0.897698750341,0.894437040468,0.898320511968,0.903665098849,0.901454397344,0.899659603465,0.900305897765,0.490427605873,0.50368001059,0.497901146713,0.483293375555,0.486876956115,0.487819324838,0.495587980806,0.493275749576,0.496266829797,0.494868308846,0.978912933252,0.972040533445,0.967888380484,0.964514273932,0.968176532813,0.970786716188,0.966312229847,0.969010730896,0.967863959052,0.966653763459,0.61555031344,0.582961719178,0.595603404223,0.599540763228,0.599435030538,0.602898929417,0.606183404162,0.604610340528,0.600844871157,0.596060226382,0.991083547878,0.987891867999,0.986538449839,0.988505120965,0.984601985235,0.987448023999,0.987682302943,0.987663774526,0.987778640513,0.987777757981,0.671952539288,0.655863468653,0.66550556119,0.672496716876,0.67113342081,0.665360463188,0.670988714544,0.66709084045,0.664709893863,0.668573617682
0.884162072016,0.905653932527,0.895294045602,0.896742622416,0.903218521788,0.904525750969,0.900871489201,0.903694162016,0.899650087251,0.899873857132,0.482930715256,0.468906436297,0.468745472348,0.496294575466,0.502239118103,0.488932597787,0.493920896916,0.498217024484,0.49244808535,0.493199663585,0.966483122753,0.957427857709,0.965854106283,0.967027111203,0.96878154377,0.964898615921,0.968472393811,0.965862028644,0.966327569846,0.968539800275,0.582805541472,0.581213783529,0.607037227127,0.587104763119,0.60082523841,0.599221338034,0.59231490456,0.596649448129,0.592882788775,0.597780036309,0.993307152008,0.987970412992,0.987524720924,0.986370730489,0.986291062395,0.988312528312,0.988061645534,0.987777323168,0.987386605334,0.987317258149,0.668967512964,0.695415581662,0.679032520189,0.648941270953,0.657251998688,0.658512637391,0.665846100131,0.667147331905,0.667026419452,0.665519699474
0.892531235085,0.904989227181,0.909841201347,0.901592110763,0.893354524869,0.896705055196,0.902779035207,0.901490568239,0.900885913901,0.899450514951,0.482885902332,0.480966521014,0.499997000166,0.505262111509,0.498100498243,0.493795597699,0.499754651155,0.49374392533,0.493748292417,0.491347078188,0.964843882685,0.9711873689,0.968362310254,0.96516735148,0.968393943175,0.967057428977,0.969032266942,0.966631256813,0.968461906947,0.966787603358,0.579704232506,0.600936797851,0.599009081717,0.598261668603,0.604854901453,0.59492603121,0.603063902099,0.592718930584,0.596256430342,0.595298070758,0.984525246241,0.990526124877,0.988206477373,0.989004061257,0.984760667234,0.988984980161,0.988814539229,0.98847527222,0.988255221749,0.988616202989,0.666779970489,0.67293742291,0.682241879679,0.661640599371,0.662926858845,0.665235310197,0.673002251946,0.667200285874,0.669661942144,0.668714644842
0.895774060584,0.901843144907,0.88395797073,0.901681396635,0.905578221274,0.904780645983,0.900517947294,0.900509832442,0.901023151344,0.900370189105,0.470618983282,0.495591864808,0.47742775716,0.50364591128,0.494535306804,0.500509629344,0.485130286581,0.495063846675,0.492659636784,0.491833344928,0.974903326653,0.966948895263,0.960139562089,0.96565668633,0.967873038927,0.967338553061,0.967509693391,0.967603523606,0.966947570519,0.96648196787,0.604688545638,0.608430721026,0.58674978172,0.603368411681,0.606913455482,0.602049790561,0.599326748857,0.600118336819,0.594847085457,0.594208990644,0.992007466526,0.989268976252,0.987459607309,0.98894357251,0.985305696777,0.98852119714,0.98776672026,0.987684342142,0.988012137745,0.987493129961,0.673778597729,0.657314642732,0.66476481045,0.660890717073,0.665518361147,0.667829512901,0.669347960045,0.674631374681,0.66790589613,0.667594073052
0.902533830332,0.898066003037,0.893930443113,0.899040232164,0.889697888139,0.900882040304,0.896954265499,0.90057624349,0.899501396745,0.900830473138,0.504485384233,0.494961826847,0.47303166685,0.497146790771,0.474667755043,0.493377995736,0.48942535163,0.493857397937,0.494585801054,0.492633198855,0.967182923306,0.960082191786,0.97227095878,0.965569701863,0.965110061274,0.966359899097,0.966818383934,0.966465137487,0.967744507008,0.966830441793,0.621418892276,0.5869054888,0.605798824259,0.594722693241,0.599840652002,0.604265750863,0.593350272465,0.594944414844,0.598226182726,0.59816115794,0.990391837638,0.987954824293,0.989842869468,0.987740959199,0.990327555205,0.988328937031,0.98735686983,0.988288650912,0.987451916056,0.987582807381,0.686998119015,0.665882278749,0.664976783427,0.672704454884,0.677873717764,0.669412495841,0.671684719926,0.668643792222,0.668054467547,0.666493002326
0.889598133633,0.877493270184,0.901323330053,0.90291793053,0.902418253449,0.901510131858,0.896257516402,0.900027361621,0.901296674636,0.900218770505,0.467945002365,0.465186481497,0.502986330396,0.487287184606,0.499152857014,0.492895396426,0.485804501134,0.491128396241,0.493917923245,0.492667512384,0.966519082899,0.96777744324,0.967209231479,0.966556211921,0.967369525237,0.966977518814,0.967025884289,0.965832990845,0.966761502988,0.965983768705,0.620155657131,0.617433228081,0.601149042989,0.596818857605,0.600314451111,0.597902157545,0.592220289865,0.59210201452,0.598665126425,0.596616587905,0.990524310807,0.986059419008,0.988390284499,0.987835166517,0.985614314839,0.987766942916,0.988714086584,0.987659368415,0.988168951959,0.988129601192,0.683213382944,0.660656271317,0.670392229293,0.655459174285,0.665490054531,0.666669451386,0.66369447178,0.671589594265,0.67005958083,0.669290318897
0.904695165425,0.88959526559,0.89352126799,0.900176788184,0.90417211657,0.900440282878,0.898710023398,0.899302655193,0.899371512158,0.90096734774,0.472542068612,0.467830460334,0.496977545697,0.469570641244,0.512105581004,0.487145548259,0.495973138279,0.494254356601,0.495854882785,0.492740133451,0.961940862889,0.971834717364,0.968526517679,0.965288027345,0.9673961243,0.967713712106,0.967739968182,0.968193187368,0.968028254335,0.967301081781,0.611248715607,0.607270754742,0.599615272751,0.603280080896,0.596638807815,0.597431888499,0.600023919036,0.602214040173,0.596015193425,0.59687826362,0.989763297109,0.989299173477,0.986561200904,0.99022268655,0.985824514202,0.988594661469,0.989281727387,0.98876601437,0.98763482631,0.987805704692,0.660782061826,0.661046535438,0.653337116885,0.66798129369,0.663223755546,0.657930182716,0.67359099761,0.672804799416,0.665086038043,0.667951947263
0.894045317831,0.905580312913,0.900647732051,0.905590600166,0.897414192699,0.894202746016,0.898854850943,0.899730444933,0.898696540444,0.901617402778,0.486805567657,0.503977330714,0.49243372881,0.498089149437,0.486242264391,0.47994322921,0.491377862859,0.491914153513,0.495087568406,0.488750425346,0.969037800105,0.97244789078,0.969798364763,0.965126577968,0.96778521205,0.96917863093,0.968897995619,0.967107304195,0.968577009635,0.966417342401,0.585500200571,0.594873183461,0.611830009415,0.579986778467,0.601272045172,0.603592801464,0.596703793955,0.593186971571,0.598279148898,0.599840199682,0.981783030517,0.98955107829,0.985903609066,0.98867890028,0.987925922704,0.987788340019,0.987642256449,0.987638482343,0.987502781308,0.98765564743,0.655939566725,0.663010783707,0.639287575238,0.677402496478,0.661408590315,0.666240786194,0.664441117233,0.668475865546,0.668471791189,0.666772643142
0.888922564827,0.891720932106,0.889902144476,0.898794549776,0.899902555998,0.894270381169,0.90113612147,0.901581693963,0.901636822639,0.900557092153,0.48789440935,0.500480985313,0.482700533085,0.492702515035,0.505531709886,0.48114315346,0.490943002497,0.493343505931,0.492309131801,0.491405870456,0.967597455906,0.973487012416,0.961265143597,0.966360591899,0.971448276525,0.967724010439,0.966600949583,0.967410059803,0.965599042842,0.966993106998,0.600153785498,0.584592034329,0.586110660811,0.611950703067,0.603211635018,0.592677639627,0.593518895072,0.592271218899,0.595928098553,0.597913749121,0.983131510694,0.984303692722,0.988255144577,0.989266023601,0.985558049076,0.990049235867,0.988796420492,0.988430767407,0.987798530833,0.988245346272,0.69254599338,0.668171530491,0.662509646432,0.66511992892,0.668976378894,0.67192066291,0.669240121894,0.667381746751,0.670322436147,0.669229230222
0.897665491258,0.90107888684,0.907482684198,0.896415308588,0.89824524427,0.898723863384,0.896805771815,0.902833183394,0.901405774397,0.89986899856,0.497629932199,0.505754089199,0.498117477661,0.495369770025,0.491610563609,0.487845809273,0.492371338386,0.492856491776,0.490417705607,0.490964014613,0.971511824987,0.961439440411,0.968969043149,0.964466135182,0.964261358958,0.966676497603,0.96583486635,0.968855874603,0.966096624432,0.968586936027,0.580621252089,0.58744457082,0.604896832356,0.599405849524,0.583933835975,0.595890008842,0.590079188614,0.598168214655,0.595077808357,0.59979933691,0.990638465598,0.986981789398,0.987949923242,0.986617294488,0.985713886026,0.989792059654,0.987022371949,0.988539593802,0.987204293085,0.988094768051,0.641802766193,0.66752955099,0.653545568571,0.66215375245,0.664585280056,0.671013996219,0.669025452695,0.667237742955,0.665187354015,0.667642877472
0.88601048231,0.907745672793,0.89699816065,0.903587427533,0.894070275253,0.900359670235,0.900969922035,0.899822021244,0.900662172629,0.899574426044,0.509889726829,0.502234480791,0.499658289057,0.500927833622,0.477900504801,0.484259463172,0.487169710019,0.491319480965,0.494365022854,0.492177084249,0.967702183459,0.959743435622,0.966741403069,0.968779998453,0.968378407929,0.968229508989,0.966007907738,0.966323314075,0.968791824777,0.96819082143,0.607162288006,0.56887791426,0.592741708969,0.602744245291,0.595151130485,0.598876439743,0.599318443698,0.595495982179,0.598375663101,0.596548651922,0.988168744767,0.986073669612,0.989109656638,0.985987450241,0.985984100769,0.989355918721,0.98793450153,0.988492244882,0.988163415115,0.988497001176,0.652867264196,0.663996571012,0.685209026013,0.664508622115,0.656198387409,0.686888014879,0.663808746302,0.670642079342,0.668160382733,0.66990063219
0.896706037633,0.906470817519,0.901820845601,0.911087616753,0.893787115427,0.898918857655,0.903889673497,0.900921284777,0.899466774505,0.90042752395,0.514366491476,0.510032615781,0.492159460217,0.524495170087,0.479877087235,0.493449381709,0.493746379445,0.489383566764,0.492526584962,0.494635773129,0.963531564226,0.964627521909,0.969880177985,0.967549358701,0.968916786397,0.967530174094,0.968559476301,0.967949544454,0.967170893886,0.966645856694,0.611210744168,0.612920275391,0.598549705827,0.597946834749,0.59808553026,0.585940950794,0.60198062568,0.595585448784,0.596720471351,0.600013822421,0.987914250214,0.986559373688,0.991666611936,0.989301264899,0.988082451296,0.987187806879,0.987417451615,0.988044430862,0.988592961297,0.987927144252,0.662780119465,0.665547989841,0.68978719279,0.68209730499,0.672689681388,0.668826830717,0.670338281896,0.665759384039,0.667331881669,0.671892129049
0.91129201339,0.904514177871,0.888470908504,0.910255722647,0.897985238773,0.891883994105,0.89871401699,0.900621438632,0.89765800613,0.899465178349,0.506562639904,0.481946726,0.48113904228,0.509142447474,0.48380062858,0.485381887023,0.495555916281,0.493854638377,0.495961252361,0.490318498313,0.970577724665,0.965558790369,0.965060592003,0.967816875774,0.964539542876,0.968500514684,0.965408688819,0.966548719122,0.966989804577,0.967305461781,0.608934052852,0.607393853187,0.610288708334,0.587630391561,0.596869546173,0.599218005029,0.60686298333,0.594421074244,0.593605276191,0.595736058179,0.984034339154,0.983043949721,0.989409275694,0.987370871333,0.989104612335,0.988778766668,0.986966866392,0.987278081366,0.988299321154,0.988036180352,0.671467316529,0.670579099899,0.667806036715,0.662946383469,0.660671969871,0.677292775365,0.66466015605,0.663032114298,0.667555456045,0.669546336898
0.916492963215,0.89779711454,0.902814681894,0.895012874423,0.901149428523,0.905749023549,0.899454042564,0.901574438561,0.903018563057,0.902114947325,0.493117335249,0.49431169438,0.503122387809,0.478063377641,0.489917364851,0.494074632649,0.493255492075,0.488579903572,0.497328834586,0.494805757521,0.975048952398,0.961753840257,0.964368358883,0.966674162162,0.970025683355,0.971850811337,0.968027592085,0.966661924604,0.966303580578,0.9667763003,0.62206852049,0.604262077118,0.59357375431,0.598264224374,0.605093894846,0.608345772301,0.595936749456,0.600110227113,0.596114912216,0.600141103545,0.989261306986,0.984470838281,0.985473102299,0.989979099427,0.989324641281,0.98875363661,0.988085275885,0.987198161181,0.988535974011,0.98798556212,0.705655359682,0.677082720757,0.676075399939,0.657640908506,0.672674756577,0.669771733842,0.66366127254,0.670822421823,0.66599830892,0.66723424291
