0.0197526668928398,0.0199080369017578,0.019547799212130793,0.018681283790895974,0.017330932932303717,0.0155317200142849,0.013330243706333157,0.01078352108844216,0.007957510938683453,0.004925405435500975,0.001765734518735429,-0.001439667994567712,-0.0046077838630343435,-0.00765656054980585,-0.01050703634014356,-0.013085385408363733,-0.015324829867943918,-0.017167369283707018,-0.018565282852626177,-0.0194823653475566,-0.019894864813600855,-0.01979209773126439,-0.019176725713998654,-0.018064686573810787,-0.016484781540304378,-0.014477929323961329,-0.012096106343033954,-0.009401000561614244,-0.00646241380376706,-0.003356453922952053,-0.00016356364859671305,0.0030335628383412684,0.006152121641223437,0.009111343725158693,0.011834586792580934,0.014251320278497669,0.016298952055075356,0.01792444953487209,0.019085713186995663,0.0197526668928398
0.02009381356183698,0.02523750894388651,0.029727566100942723,0.03344769491115636,0.03630154599243661,0.038215206100837285,0.039139112444750226,0.03904933633517375,0.03794820292618865,0.0358642309946889,0.03285139431904025,0.028987723786571728,0.024373286434581552,0.01912759376663389,0.013386506467392997,0.00729871568225488,0.0010218919947852546,-0.005281398158574148,-0.011447902873817242,-0.01731791291793512,-0.02273939811415947,-0.027571944843683232,-0.03169039268463168,-0.034988076001245365,-0.037379586527817296,-0.03880298539791193,-0.03922140732847086,-0.03862401541127951,-0.03702628178319759,-0.0344695869059416,-0.031020147833862477,-0.026767303227020055,-0.021821199526815115,-0.016309938221014265,-0.010376258082505413,-0.004173838310057236,0.0021366816822050924,0.008391862741245548,0.014429698963330368,0.02009381356183697
0.02251751928903964,0.028233030245439866,0.03321732054861148,0.03734129969782953,0.040498158799355824,0.04260613686068261,0.043610638357291454,0.0434856472280605,0.04223440067758205,0.03988930533426391,0.036511097935676126,0.03218727227895145,0.02702981317739795,0.0211722961126573,0.01476642769989413,0.007978116566151217,0.0009831764040567383,-0.006037227510464007,-0.012901270403673382,-0.019431177170153104,-0.025457826654653473,-0.030825131801179254,-0.03539408222575104,-0.03904634451233165,-0.04168732698614373,-0.043248629588359774,-0.04368981540169693,-0.042999457945333996,-0.04119543711476268,-0.038324476101886266,-0.03446093128889184,-0.029704866457009243,-0.024179461187138353,-0.018027820573407023,-0.011409268876402789,-0.004495223108512889,0.0025352465766555025,0.009500054707192255,0.016218816410961807,0.02251751928903963
0.017849121473433194,0.02270898607278106,0.026980699861325303,0.030553627695770625,0.0333352326219775,0.035253472533467,0.0362586660241366,0.036324779110581795,0.03545009949859127,0.03365728093066751,0.030992756465995506,0.027525535888599947,0.02334541839018825,0.018560666818254606,0.013295203725197748,0.007685401839307387,0.0018765520827347566,-0.00398089938707326,-0.009735247653826277,-0.01523745812003546,-0.02034502642480411,-0.024925669231920897,-0.02886075029878242,-0.03204835309275992,-0.03440592037586007,-0.03587239239382368,-0.0364097882916878,-0.0360041897979788,-0.03466610170063268,-0.032430179778505375,-0.029354333234904256,-0.025518224879640727,-0.021021207904101148,-0.015979752685777684,-0.01052443026667037,-0.004796530631885119,0.0010555966267643945,0.006880384487260105,0.012526974003635418,0.017849121473433188
0.009320990242698729,0.01521065142549499,0.02070636472615842,0.02566579405696718,0.029960492803321647,0.03347923052359268,0.03613087375913313,0.03784674634298658,0.03858240807653761,0.03831880570731258,0.03706276639821046,0.03484682090756991,0.03172836105961593,0.027788153326358957,0.023128247018394457,0.017869331261362607,0.012147609210989185,0.006111270462896603,-8.334698008234838e-05,-0.006275805780057333,-0.012305724506857883,-0.01801693143283043,-0.023261509298551204,-0.027903626292148008,-0.031823054021878516,-0.034918281368323326,-0.037109143569057666,-0.03833889844388945,-0.038575695987521016,-0.037813403267956354,-0.036071763266218256,-0.03339588354351034,-0.029855067979075806,-0.02554102183612869,-0.02056547664370717,-0.015057296408761398,-0.009159140106062476,-0.003023766885691415,0.0031899203087073997,0.00932099024269872
0.027284798440651292,0.028568178964078164,0.02911165865850921,0.028901161685335408,0.027942139805592986,0.026259431182216263,0.02389661708466454,0.020914893156935274,0.01739148448252916,0.013417645495351911,0.009096296537809868,0.004539358278003215,-0.00013514697678855027,-0.00480615199587092,-0.009352680202815704,-0.01365697890524437,-0.017607569027708082,-0.02110213236118452,-0.024050161550946268,-0.026375304189506985,-0.028017340303869154,-0.028933742021192678,-0.029100775018362536,-0.02851411322849044,-0.027188950883774803,-0.025159608992868038,-0.022478646444780374,-0.019215498761262467,-0.015454679753264838,-0.011293592657627317,-0.0068400074444084835,-0.0022092696312700057,0.002478687104842437,0.007102447146933876,0.011542257538663517,0.01568312952301061,0.019417816690680562,0.022649592605771582,0.025294755969656576,0.02728479844065129
0.014595558674890364,0.020410814113641877,0.0256974401881573,0.03031851606004357,0.03415435829155826,0.03710562058378035,0.039095866793568024,0.04007355058951599,0.040013350474862874,0.03891682560095652,0.0368123753860531,0.03375450398530177,0.029822408661756082,0.02511792861886126,0.01976290741857861,0.013896037297132296,0.007669267108942715,0.0012438669311121264,-0.005213748746861016,-0.011536331070946655,-0.01756012848005059,-0.02312912778543222,-0.028099094830342845,-0.03234131007892283,-0.03574590238456707,-0.0382246945949094,-0.039713487293751605,-0.04017372153222048,-0.03959347748528959,-0.037987783168986274,-0.0353982252226704,-0.03189187183691934,-0.027559535722621372,-0.022513422109465397,-0.016884222689430652,-0.010817730770613702,-0.00447106530713029,0.001991398399265277,0.00840228593315331,0.014595558674890355
0.024130061783076036,0.025550277823404244,0.026308755089049566,0.026385849417241557,0.025779564105375827,0.024505601624562695,0.022596956933873508,0.020103062928232215,0.017088510152402685,0.01363137393980721,0.00982119230240193,0.005756646943199328,0.001543007451995343,-0.0027105951217107974,-0.006893994705574731,-0.010898843447813032,-0.014621417869651973,-0.017965305248944276,-0.02084390065902946,-0.02318264999084292,-0.024920980865179163,-0.026013871425496066,-0.026433016380350418,-0.026167560095578198,-0.025224377749517236,-0.023627897269499636,-0.02141946666136524,-0.018656283117829516,-0.015409911641236531,-0.011764431547589577,-0.007814258856431573,-0.0036617009655332397,0.0005856930569694049,0.004817917936946943,0.008925361273093381,0.012801642440543192,0.016346367793176258,0.0194677308063179,0.02208488981750428,0.024130061783076032
0.048363559518514884,0.05347297014496735,0.05719745893272371,0.05944056357856502,0.060144188850412575,0.05929011122332292,0.05690045085921134,0.053037098706277486,0.04780011355595687,0.04132513057278109,0.03377984841486237,0.02535968592673646,0.01628272089393805,0.006784041942906327,-0.002890340130953458,-0.012489863913647332,-0.021765906781601334,-0.030478224097016525,-0.038401171417793284,-0.045329548570056256,-0.05108391422487081,-0.055515233334406444,-0.05850873706139098,-0.05998689523171066,-0.05991142432519496,-0.05828427899867959,-0.055147601461421204,-0.05058263001401389,-0.04470759501907638,-0.037674656796963656,-0.02966596475339609,-0.02088893980552965,-0.011570902289155097,-0.001953184481406682,0.007715119778449575,0.017183606488609848,0.02620704681684827,0.03455173839845848,0.04200155810474153,0.04836355951851488
0.04785674162698981,0.05066263276126825,0.052156388318886096,0.05229932081553474,0.051087728374629965,0.04855299060397097,0.044760755880381364,0.039809241091232885,0.03382668786865346,0.02696804119861732,0.019410936427197094,0.011351098598408112,0.002997273278378055,-0.005434179845166778,-0.01372489056516512,-0.021660133828878894,-0.0290343910039694,-0.03565667270312081,-0.041355465308849565,-0.045983173086105326,-0.04941994083428017,-0.051576758073947376,-0.05239776437152354,-0.05186169609515619,-0.04998243713161953,-0.04680865930093987,-0.042422561781823034,-0.03693774219610313,-0.030496254490007202,-0.023264929811565332,-0.01543105567150919,-0.007197525295121422,0.0012224172057239482,0.009610699743047277,0.01775007020529392,0.02542972317290619,0.03245075966795908,0.0386313385332114,0.043811386022561793,0.0478567416269898
0.023755017034586025,0.030649503122013526,0.036750183178023935,0.04189905279370634,0.045962758950591306,0.048836053793782114,0.05044452049611245,0.05074650061488063,0.04973417302363342,0.04743375647523291,0.043904830549929455,0.039238792575528945,0.033556490484611415,0.027005092916555708,0.01975427762708367,0.01199183692351467,0.0039188139426486746,-0.0042557042608737,-0.012320001959457993,-0.020065218078691546,-0.027290755589460963,-0.03380947686563754,-0.03945255045029498,-0.044073823701760786,-0.04755360807026514,-0.04980177896851034,-0.05076010995114172,-0.050403780749097196,-0.048742020101538594,-0.045817866736355004,-0.041707054689717624,-0.03651605183432413,-0.030379302417420914,-0.023455745025419666,-0.015924696157995875,-0.007981206024937963,0.0001689931518313037,0.008314815494736158,0.016245288483898914,0.023755017034586014
0.026252467012269232,0.03158528026847704,0.036100051356715464,0.03967985007729925,0.042231961523746996,0.043690287350158154,0.04401705768365198,0.043203809344235546,0.04127160503672003,0.03827048783772989,0.03427818510630465,0.029398095386128087,0.023756610437559646,0.017499841757431585,0.010789836368029857,0.003800379884336378,-0.003287504442113738,-0.010290244130359727,-0.01702647190084586,-0.023321722992694194,-0.029012953709369037,-0.03395276416477445,-0.03801321586287843,-0.04108914523755722,-0.04310088733371796,-0.043996339087789584,-0.04375230876970081,-0.04237511663650689,-0.03990043124105184,-0.0363923456351855,-0.03194171739338729,-0.026663815449312296,-0.020695334690957797,-0.014190855634866507,-0.007318840871945585,-0.0002572719748514911,0.006810960131252541,0.013702791947589847,0.020239728650229924,0.026252467012269225
0.012608643874776499,0.01602836349998879,0.019032956929863246,0.02154460677280641,0.023498262617194995,0.024843325802867536,0.02554495989984428,0.025584992953564964,0.024962388128966617,0.02369327056396707,0.021810509736863035,0.019362868164107754,0.01641373847674865,0.013039501584581793,0.009327548450709221,0.005374016711499001,0.0012813007623020158,-0.002844600203602275,-0.0068968275184329774,-0.010770430623273047,-0.014365085232417174,-0.017587691679673712,-0.02035478615081597,-0.022594702352529195,-0.024249427631762854,-0.025276105472971964,-0.025648145459358285,-0.025355911950698008,-0.02440697364136224,-0.02282590753510842,-0.020653662413592736,-0.01794649828443456,-0.01477452927657124,-0.011219907721147787,-0.0073746964492929,-0.003338484413151115,0.0007841926156661478,0.004886559467655083,0.00886236699622331,0.012608643874776494
0.006172493290517756,0.007744637192843847,0.00911619905994598,0.0102516561599145,0.01112160075028839,0.011703501723137825,0.011982288148924526,0.011950739605660381,0.011609673184044248,0.010967922325242038,0.010042108039400513,0.008856208430215107,0.007440937674639325,0.0058329505418350715,0.004073893053905195,0.0022093238757967173,0.00028753436980952316,-0.001641702125320884,-0.0035284193977519144,-0.005323752461174588,-0.0069812031322913064,-0.008457844309338922,-0.009715431761475813,-0.010721394634271922,-0.011449679017729808,-0.011881422728868088,-0.012005443832352823,-0.011818530246749042,-0.011325522935742694,-0.010539190529724022,-0.009479898624967509,-0.008175082325385913,-0.0066585356877499405,-0.004969536473369075,-0.0031518288747053235,-0.001252490563766231,0.0006792865948714033,0.0025934705875146954,0.0044404850542287605,0.006172493290517753
4.717076338155435e-05,0.00036148777577997896,0.000666442444666492,0.0009541366043022484,0.001217119127071469,0.001448578903772793,0.0016425212477698822,0.0017939231542264352,0.0018988633932929902,0.0019546240679002938,0.0019597610058657506,0.0019141411631943652,0.0018189460698483258,0.001676641228741614,0.0014909122605095996,0.0012665694478705557,0.0010094231518299767,0.0007261333263825808,0.0004240370292021594,0.00011095839570180199,-0.00020499400196346835,-0.0005156371626562795,-0.0008129255916880292,-0.0010891596749052204,-0.0013371850946516139,-0.0015505781228375341,-0.0017238119921231675,-0.0018524000362895783,-0.0019330118925370472,-0.0019635597561322247,-0.00194325245345405,-0.0018726159329749525,-0.001753479643471684,-0.0015889291522629666,-0.0013832262306367102,-0.0011416984762122656,-0.0008706013309605314,-0.0005769560685427524,-0.0002683679470107916,4.717076338155387e-05
0.048864191158846465,0.05017522604980354,0.050186748941903996,0.04889846139829514,0.04634372938965012,0.04258871913305389,0.03773068342173616,0.03189544282881136,0.025234127020525427,0.017919260577284785,0.010140294697646865,0.0020987005117915503,-0.005997248914922522,-0.013937872744949953,-0.02151751299211082,-0.0285398609554054,-0.03482304151125403,-0.04020432358366306,-0.04454433479361447,-0.04773067113047353,-0.049680808156820994,-0.050344238348034344,-0.04970377921064495,-0.04777601829989353,-0.04461088361076233,-0.040290350469131125,-0.03492631841389652,-0.02865771305769273,-0.021646887986498595,-0.0140754198870411,-0.0061394058059870945,0.001955615660560567,0.009999987708737343,0.017785365328009624,0.025110111327508906,0.03178451863336014,0.03763572360224665,0.04251218309897077,0.046287599384053614,0.048864191158846465
0.0331655354752001,0.0394661033739136,0.044744519925832775,0.04886407691488753,0.05171807997896505,0.053232611937844544,0.05336844720933806,0.05212206773126489,0.04952575407741412,0.04564674940763971,0.04058551790534141,0.03447314280788618,0.027467931419615267,0.01975131503581669,0.01152314996747875,0.0029965413678152454,-0.005607676079263945,-0.014066657661466888,-0.022161320199113037,-0.02968201618440794,-0.036433963541772224,-0.04224229038128491,-0.04695656408877627,-0.0504546874515163,-0.052646060911889676,-0.05347392904834821,-0.05291685051101678,-0.05098925334139235,-0.04774106129364801,-0.04325640083562358,-0.03765142231749819,-0.03107129173873152,-0.023686431024930128,-0.015688104189492656,-0.007283463696129207,0.0013098146811365285,0.00986916954617487,0.018172918104003462,0.02600599762873293,0.03316553547520009
0.027533022961828215,0.028404782816427665,0.028540873716427384,0.027937770979002647,0.02661109464825746,0.024595204944287116,0.021942312351526324,0.018721125394627242,0.015015071123761912,0.010920134397845034,0.006542371927106583,0.001995165460005879,-0.0026037147444967898,-0.007135160104785391,-0.011481808566287183,-0.0155310842170386,-0.01917811294467181,-0.022328438620837138,-0.024900469465311808,-0.026827591230249567,-0.028059892474208998,-0.028565457242269603,-0.028331191672499565,-0.027363163120101893,-0.02568644301610168,-0.023344457530452008,-0.020397862857042825,-0.016922974250140485,-0.013009789499388781,-0.00875965803433083,-0.00428265602742034,0.00030526452102467953,0.004885278878723234,0.00933876707958175,0.01355038611850769,0.017411057274654515,0.020820791192995302,0.02369127755609579,0.02594817227494878,0.02753302296182821
0.03640582186680832,0.040748730911719766,0.044036269230340944,0.04618329130708397,0.04713419039794001,0.046864338715940174,0.04538072527790171,0.042721774892563534,0.03895635297822355,0.03418198198457805,0.02852231561250079,0.022123936248142635,0.015152558556126475,0.007788737556779359,0.00022319234594719156,-0.00734813342940745,-0.014729146408737306,-0.02172868223294541,-0.028165456600871712,-0.033872760437468924,-0.038702777571277894,-0.04253041309562422,-0.04525653326099173,-0.046810532987062434,-0.04715216449720959,-0.04627257971477116,-0.04419455942358767,-0.04097192325766696,-0.03668813580093348,-0.03145414489834666,-0.025405508164994626,-0.018698882115068476,-0.011507964840432799,-0.004018997321285644,0.003574060117400673,0.01107455127641365,0.018288217374561627,0.025028228249066933,0.031120021158644668,0.03640582186680831
0.03656252946736876,0.042262856398894794,0.04686859754934624,0.05026046664221091,0.052350616049650425,0.05308491199991707,0.052444336613606854,0.05044548045674643,0.047140112853847685,0.04261384108959598,0.03698389322514432,0.030396081952906447,0.02302102812441536,0.015049741759891485,0.006688674989051929,-0.0018456249506047795,-0.010332124173503002,-0.01855102680752256,-0.026289467591633184,-0.033347024974342325,-0.03954091192660207,-0.04471071002984799,-0.04872252422877598,-0.05147245064294282,-0.052889267622691444,-0.052936280352466086,-0.05161227122726023,-0.04895153138794672,-0.045022972598741454,-0.03992834246870789,-0.03379958924212789,-0.0267954444082839,-0.019097311639264532,-0.010904568530144362,-0.002429402823999678,0.006108683139179966,0.014488557417798479,0.022493185669784976,0.02991525222805071,0.03656252946736875
0.04877051838423726,0.05273925400025168,0.05534207064031478,0.05651155672064558,0.056217423166066274,0.054467287881139234,0.0513064784504403,0.04681685817792779,0.0411147058703708,0.034347704277332275,0.02669111518552958,0.018343240230619215,0.009520284988996479,0.00045075936693431476,-0.008630440685958474,-0.017488116858446773,-0.025892859990386347,-0.03362699164946833,-0.04049020188827486,-0.04630473716669933,-0.05092000407526531,-0.05421646962532914,-0.056108757090697764,-0.05654785721999105,-0.05552239755050895,-0.0530589369490419,-0.04922127775117157,-0.04410881331429321,-0.037853953781868,-0.03061869673025922,-0.022590431516597984,-0.013977085992864386,-0.0050017412837409896,0.004103145897337519,0.013101763754958341,0.02176105281336546,0.02985674203446145,0.037179157319889716,0.043538651960045395,0.04877051838423725
0.01708205563453009,0.022061899008619712,0.026470350786968307,0.030193234384169786,0.03313412907059739,0.035216867218653525,0.03638750700431555,0.03661572947204359,0.03589562377980323,0.03424584028676939,0.03170910751882026,0.028351125522161305,0.024258864266639257,0.019538311169206214,0.014311726075493249,0.008714474794028752,0.0028915231929018473,-0.0030063173400739877,-0.008826295833087711,-0.014417677900264313,-0.019635649683081718,-0.024345068453239423,-0.028423962738334155,-0.03176669131892654,-0.034286679280633725,-0.035918660258936266,-0.036620366803736294,-0.03637362508411296,-0.035184825580997045,-0.03308475757707162,-0.030127811730523417,-0.02639057138556582,-0.021969829104051247,-0.016980079788961867,-0.011550555326563803,-0.00582187754843526,5.7583800106255495e-05,0.005935553758472399,0.011659795992297002,0.017082055634530083
0.0034220354621313067,0.010575353665167202,0.017454775763252894,0.02388212833764209,0.02969094633279103,0.03473078441385703,0.03887111342184562,0.04200470101026459,0.044050388906571716,0.04495519486880304,0.044695684897809486,0.04327858016552543,0.04074058294014622,0.037147426016660566,0.03259217027198827,0.027192794437150638,0.021089139510108348,0.014439286947369416,0.007415464437302014,0.00019958529347267363,-0.007021463004620259,-0.014060659099098326,-0.020735691508634062,-0.026873680400053654,-0.03231565508520652,-0.03692067127828492,-0.040569461478791854,-0.043167523937155464,-0.04464757020040352,-0.04497126784775042,-0.044130233280160455,-0.04214624885115905,-0.03907069871531829,-0.03498323800564432,-0.029989729807473383,-0.02421950336016901,-0.01782200449775585,-0.010962925080318944,-0.003819911661861303,0.003422035462131296
0.0059690505669098394,0.008521237407032697,0.010852728674313424,0.012903139969605449,0.014619366717392192,0.015956959546398402,0.016881275504958,0.017368375295265113,0.017405643288612535,0.016992114263548543,0.016138498404605496,0.014866903914146237,0.013210264421535823,0.011211486019440185,0.008922336018563622,0.006402102201493682,0.0037160573002745726,0.0009337684669334162,-0.001872704479215304,-0.004630675363038747,-0.007268714187341305,-0.009718497132271577,-0.011916576106367621,-0.013806022018798094,-0.015337899212911316,-0.0164725328740378,-0.01718053658635002,-0.017443573425596316,-0.017254830875807103,-0.016619197269880016,-0.015553135184325615,-0.014084255067183103,-0.012250600141919255,-0.010099661107923805,-0.007687146156340954,-0.005075538157180933,-0.0023324763858074095,0.0004709952987650692,0.003262268452501975,0.005969050566909835
0.04078726903130605,0.045049866793645074,0.04814569666963467,0.0499945782916513,0.050548626596857556,0.04979349202517678,0.04774873216536156,0.044467305223718195,0.040034198434381,0.03456422693458998,0.02819906011294592,0.021103552446661133,0.013461473857193767,0.005470750165811899,-0.002661663081211716,-0.010725140652539194,-0.018510842714623037,-0.025817123673696346,-0.03245475469073184,-0.03825182460897548,-0.04305819236260539,-0.046749375551471385,-0.04922977446987111,-0.05043514808871161,-0.05033427786441853,-0.04892977628281639,-0.046258019197117944,-0.04238820371243336,-0.037420556017095465,-0.03148373557702825,-0.024731502923161244,-0.01733873733444495,-0.0094969075563861,-0.0014091128611128066,0.006715177117090385,0.014665547535281102,0.02223608797576567,0.029230725417757383,0.03546830242562261,0.04078726903130604
0.019681776013872106,0.02322412320987731,0.026164977813817186,0.028428173236209525,0.029955093904416204,0.03070619337518519,0.030662018566757966,0.029823713583468827,0.028212990084043627,0.02587156496104336,0.022860079895259715,0.01925653076803618,0.015154247608910614,0.0106594773968742,0.005888632319424519,0.0009652747580579605,-0.003983082912506814,-0.00882828082785483,-0.013444830907043891,-0.017713166927985188,-0.02152274122979004,-0.024774887839119013,-0.02738537786706447,-0.029286600993129925,-0.03042931653701684,-0.03078392876637938,-0.0303412534107463,-0.029112755529301832,-0.027130252571875138,-0.024445090323702703,-0.021126813076561394,-0.017261362468141306,-0.012948851638772784,-0.008300972353678784,-0.0034381022449246085,0.0015138129060210913,0.006426521097870196,0.011172785768980639,0.015629681157468753,0.0196817760138721
0.04272736966010902,0.04490108839809398,0.045911892532024594,0.04573360276578303,0.04437083671066365,0.04185888929166596,0.03826281862747677,0.03367576105936957,0.028216518968887903,0.02202648385856734,0.015265974386289384,0.008110084196253819,0.000744147085566459,-0.006641063043754581,-0.013854273128632274,-0.020708664816793128,-0.027026712963960066,-0.032644783441839416,-0.037417371176090675,-0.04122086865132175,-0.0439567672808094,-0.04555420872715132,-0.04597182009598463,-0.04519878547221769,-0.04325512604654967,-0.04019118157714808,-0.03608630661635444,-0.031046815269461715,-0.02520322771523146,-0.018706889801822953,-0.011726053268824263,-0.0044415181155752995,0.0029580500238449714,0.010281006221439824,0.017337689758263417,0.023945336237417254,0.02993281108592829,0.03514504185029584,0.03944703449158161,0.04272736966010901
0.04348248424060857,0.043626285337873646,0.04264018856072084,0.04054973329770563,0.03740906124207448,0.03329951415034914,0.02832752713355954,0.022621872043775963,0.0163303223507811,0.00961582588682457,0.002652284583360165,-0.0043799494976323045,-0.011298745187317683,-0.017924909311609224,-0.024086827700251646,-0.029624909903685846,-0.0343957225018636,-0.03827570395448464,-0.0411643647799865,-0.04298689018033243,-0.04369607770498198,-0.04327355976956579,-0.04173027936667269,-0.03910620664808972,-0.03546930371886621,-0.030913764454491885,-0.025557574928999353,-0.019539457637622003,-0.013015278657034994,-0.006154010795842018,0.0008666427124101239,0.007864850629637349,0.014659363046772872,0.021074205661206012,0.02694323741878469,0.0321144534798481,0.03645392206472955,0.03984925321649851,0.042212509641809545,0.04348248424060857
0.03883992186043154,0.04513476514348863,0.050260641717530384,0.05408479407178819,0.05650817866902154,0.057468031121107446,0.056939491753724175,0.05493624945885799,0.05151018715969119,0.046750038070144474,0.040779087551245874,0.03375198008503887,0.025850714063728582,0.017279928126922913,0.008261601128358435,-0.0009706969998111541,-0.010177854585569315,-0.019121411083742212,-0.027569733078861153,-0.03530401346895192,-0.04212393845454164,-0.04785287556084531,-0.0523424483260818,-0.05547637917389554,-0.057173500941506264,-0.05738985906658989,-0.05611984998735444,-0.05339636627184706,-0.04928994471771922,-0.04390693948621886,-0.03738676758527936,-0.029898298042246314,-0.02163547828477227,-0.012812311004316346,-0.0036573115988458686,0.005592410255937288,0.014697291622649641,0.023421520856467364,0.031539145002861285,0.03883992186043153
0.009090882641866938,0.012424780022791217,0.01543688212756179,0.018049177093849518,0.020194007854202944,0.021815824418556666,0.022872622589794958,0.023337031850393274,0.023197024244445082,0.022456225895401825,0.021133823091380264,0.019264065370378322,0.016895378475231433,0.01408911015230993,0.010917941277112566,0.007464003457768609,0.00381675186952902,7.064841271611777e-05,-0.003677284800876218,-0.007329978269714681,-0.010792829151627914,-0.013976151427726236,-0.016797498723180926,-0.019183799625025248,-0.0210732501933676,-0.02241691465097062,-0.023179992794176867,-0.023342721299903783,-0.02290088558533039,-0.021865928963378533,-0.020264656266919073,-0.01813853961768045,-0.01554264432008028,-0.012544202698765359,-0.009220872816718843,-0.005658727172220915,-0.0019500234663550314,0.001809184822989261,0.005521536175739182,0.009090882641866933
0.00827498873318278,0.01383519347198106,0.019037073967147704,0.023745904246279974,0.027839728078583044,0.03121251757718697,0.0337769192657227,0.035466516487475376,0.03623754956190617,0.036070049137392354,0.034968353386944935,0.03296099565180633,0.03009996544290015,0.02645936193980707,0.022133474860936163,0.017234342409346307,0.01188884954213781,0.006235441716713205,0.0004205392261525387,-0.005405255009466404,-0.011091055979589941,-0.0164896044257057,-0.021461080778786265,-0.02587672641268319,-0.029622178424910453,-0.03260043157574675,-0.034734350672989835,-0.03596866833291722,-0.036271416376494,-0.035634753788417774,-0.03407516979529626,-0.03163305680333951,-0.028371664256256302,-0.024375460507885423,-0.019747945136200457,-0.014608968358606117,-0.009091626974261765,-0.003338817226895897,0.0025004661328465938,0.008274988733182772
0.026767388403082838,0.03151640934360997,0.03544917183694555,0.03846381940029725,0.04048227424529574,0.0414522594517011,0.04134865291217722,0.04017413798167575,0.03795913397995238,0.03476100834716369,0.03066259085730083,0.025770028370551593,0.020210035685378006,0.014126613691796325,0.007677319823965776,0.0010291874054050333,-0.005645600426348443,-0.012174170172556923,-0.018387435306093453,-0.024124475523677445,-0.029236704497201973,-0.03359171818158309,-0.03707672400997869,-0.03960146216202268,-0.041100543245761,-0.04153514184855591,-0.04089400209487916,-0.03919372916757574,-0.03647835924235057,-0.03281821897394879,-0.028308104072738836,-0.02306482414560766,-0.017224177388499788,-0.010937433484473777,-0.004367415798369297,0.0023157156628149725,0.008938871304721825,0.015330514875209391,0.02132510616317789,0.02676738840308283
0.009824348347810558,0.011395446864360718,0.012671409292876697,0.013619188876692149,0.014214238622431954,0.014441147054246706,0.014294037362941908,0.013776719612249196,0.012902592060177,0.011694294151165918,0.010183120166369656,0.008408208718211269,0.00641552908087999,0.00425669061027626,0.0019876060888030416,-0.00033295638632873867,-0.00264489546594855,-0.004888333142299946,-0.0070051655579889925,-0.008940567865370253,-0.010644414161302589,-0.012072575721710629,-0.013188063912358546,-0.013961988175047534,-0.01437430427789766,-0.014414333450424786,-0.014081038958086815,-0.01338305295316376,-0.012338452906547955,-0.010974293410743595,-0.009325905480132018,-0.007435981496257715,-0.005353469497571659,-0.0031323054509466066,-0.000830016338466368,0.0014937697611926174,0.003778868008677874,0.005966095559686385,0.007998804369544792,0.009824348347810557
0.0020748662754953187,0.004631160594338641,0.007067510286425298,0.009320815174485842,0.011332715845526089,0.013051105128968883,0.014431477645001408,0.015438082470534732,0.016044849069332727,0.016236062505206345,0.01600677045060626,0.015362911449305032,0.014321161111232807,0.01290850022293938,0.011161515959394934,0.009125454295376676,0.006853048158488697,0.00440315167403639,0.00183921587409568,-0.0007723546508884786,-0.0033639215961138464,-0.005868364738986566,-0.008220820317629668,-0.01036036096824434,-0.012231573711828647,-0.013785995121226562,-0.014983366498434693,-0.015792676553733575,-0.01619296458180197,-0.016173863332974533,-0.015735867519562484,-0.014890321003064564,-0.01365912299411293,-0.012074160874420883,-0.010176484330346156,-0.008015242187576686,-0.005646409482361927,-0.0031313377374763956,-0.000535165990006243,0.002074866275495315
0.02798723306668375,0.03450592767132387,0.040130936874406345,0.04471657589225271,0.04814407908302605,0.05032467591446991,0.0512018900740647,0.0507530021758563,0.04898963818061834,0.04595746828957502,0.04173502411017881,0.03643166472872822,0.030184744367476334,0.023156054982423357,0.015527635936641491,0.00749705927639242,-0.0007276872810912313,-0.008933587120231158,-0.016908111745554427,-0.024444725158090215,-0.031348233029254644,-0.037439838131430384,-0.04256177109224396,-0.04658137653843787,-0.04939454880035728,-0.05092842819410981,-0.05114328804910709,-0.05003356360796536,-0.04762799615079876,-0.04398888861116147,-0.03921049196279491,-0.033416564168915495,-0.02675716491597449,-0.019404769146601646,-0.011549800049187951,-0.0033956971973310955,0.004846352428259034,0.012962884071629028,0.020743683826633462,0.02798723306668374
0.03334637237293404,0.036406669704591874,0.03852405341444426,0.03964368437661652,0.03973656473730345,0.03880028894395108,0.036859106047804194,0.03396329166621653,0.030187845870569947,0.025630550723821265,0.020409437776434315,0.014659731111221978,0.008530345110631362,0.0021800276524594833,-0.00422675137679529,-0.010524059765601373,-0.016548800534512575,-0.022144936062264767,-0.02716752937820386,-0.03148649795369392,-0.03498998277127951,-0.03758724541448105,-0.03921101814511891,-0.03981924610239812,-0.0393961765017126,-0.03795276662349187,-0.03552640002539352,-0.03217991832779658,-0.027999993648842883,-0.02309488384210394,-0.01759162867503871,-0.01163275956574723,-0.005372608094110283,0.0010266911050629685,0.007399399543911105,0.013580467421297619,0.019409808325963798,0.024736445390490608,0.029422421512860487,0.03334637237293403
0.04765600571970689,0.052807625155668864,0.05659155483866791,0.058909792977521164,0.05970229842214676,0.05894854569781286,0.05666805660415163,0.0529198946108031,0.0478011351445761,0.04144435138688532,0.03401418069799011,0.02570306059584379,0.0167262447254615,0.007316227902581792,-0.0022832753799371594,-0.011823643029465078,-0.021057784535203728,-0.02974654048262576,-0.03766487665668637,-0.04460771230978803,-0.050395231645419064,-0.05487754095283068,-0.05793855077540961,-0.059498982566625544,-0.05951842196274307,-0.05799636549361378,-0.054972233622288674,-0.0505243497757317,-0.04476791180920282,-0.03785200844231742,-0.02995575793952104,-0.021283669041126503,-0.012060344294363621,-0.00252466296538403,0.007076405808254586,0.016494199388524255,0.025484801868635408,0.03381536136689925,0.04127012076815226,0.047656005719706886
0.046508260143127506,0.050137543516993274,0.05246829084980849,0.05344013700993846,0.053027911692323126,0.05124229131615672,0.04812952251123873,0.04377022435455435,0.038277300378527744,0.03179301442883785,0.024485306105542948,0.016543441215653855,0.00817310988814908,-0.00040890069232169327,-0.008980320959647004,-0.017319155631262947,-0.025209433269362973,-0.03244679982769238,-0.03884381131400409,-0.04423478849099819,-0.048480107881540474,-0.05146981794337957,-0.053126486756336244,-0.053407207468363006,-0.05230470956047417,-0.04984754714936858,-0.046099359450805816,-0.041157222557346274,-0.03514913521854553,-0.028230703740575475,-0.02058111186463078,-0.012398480002152636,-0.003894734020240556,0.004709883526986123,0.013192517564851815,0.021333472327498364,0.028921901362820045,0.03576126834482031,0.04167443726121948,0.0465082601431275
0.01294521373965698,0.013201276442794152,0.013115433020374339,0.012689906771946742,0.011935718603826981,0.010872401593412547,0.009527495092738451,0.007935831473725282,0.00613863398804306,0.004182449106546559,0.0021179409901299117,-1.4206854279030443e-06,-0.0021207455659793856,-0.004185144250348374,-0.006141149896988447,-0.0079381029870941,-0.00952946337952762,-0.01087401567602812,-0.01193693667837705,-0.01269069729094029,-0.013115775509784672,-0.013201162032325443,-0.012944645392480272,-0.01235286923647916,-0.011441160255916825,-0.01023313123449115,-0.008760069489308608,-0.007060126545805706,-0.005177330033280239,-0.0031604433924191195,-0.0010617029277988708,0.0010645350849644987,0.0031632021982018334,0.005179944036059387,0.007062528044282383,0.008762196285933707,0.010234928246349246,0.011442580941344725,0.012353876800470526,0.01294521373965698
0.03630424257419253,0.03680703063182493,0.036356535929936484,0.03496442604467211,0.032666755890818494,0.029523033918449848,0.025614680875329372,0.021042921052310513,0.015926160627374543,0.01039692100781675,0.004598406595407771,-0.0013192041323904571,-0.007202648166105812,-0.012899547395695973,-0.018262355123558033,-0.0231521774464936,-0.02744237053484411,-0.03102182064115601,-0.033797821887874405,-0.035698477300875664,-0.036674560903331384,-0.03670079264265108,-0.03577649313056527,-0.033925601238924796,-0.031196054095494374,-0.027658545537523734,-0.02340469517849656,-0.018544675508266908,-0.013204358483442886,-0.007522055509827993,-0.0016449352496625087,0.004274787969424544,0.010083796425546281,0.015631639851020864,0.020774632015276538,0.025379572122748505,0.029327194643517022,0.03251525822788483,0.03486119370362952,0.03630424257419253
0.01513875641359836,0.01921343051171117,0.02279048685192124,0.02577728155395835,0.02809645820393079,0.029687951344811704,0.030510542140225153,0.030542925920656994,0.029784263963204445,0.02825420521405875,0.025992377391119908,0.02305736064691855,0.019525170373436162,0.01548728844338177,0.011048293877742008,0.006323154304070426,0.001434248355323511,-0.0034918038724502942,-0.008327420214087788,-0.01294736074637295,-0.01723197143626265,-0.021070283117491182,-0.02436288553368705,-0.027024502011795244,-0.028986198083115547,-0.030197166849832285,-0.030626044856980124,-0.03026172438945318,-0.02911364115599166,-0.027211529909281853,-0.024604654331480506,-0.02136053113072392,-0.017563181393852212,-0.013310954484394339,-0.008713980845713258,-0.0038913196803717198,0.001032124620675319,0.005928837436196981,0.010671996476396117,0.015138756413598353
0.028220829388987387,0.03267239305477748,0.03627775890246708,0.03894354985041254,0.040600723313337625,0.041206359369025725,0.04074477236176051,0.03922791715256964,0.03669507949460379,0.03321185855276588,0.028868467919797768,0.023777399131615203,0.018070508195616772,0.011895600589352996,0.005412603176296382,-0.0012105778159166927,-0.007802405478584799,-0.014192154937772544,-0.02021433503886786,-0.025712974480558044,-0.03054566138960567,-0.03458723171356003,-0.03773301090396988,-0.03990152493220536,-0.041036610424003195,-0.04110886926135875,-0.040116429978340376,-0.038084996231073864,-0.03506718108655038,-0.031141144371827734,-0.026408568375565107,-0.020992024330157878,-0.015031797881202472,-0.008682255762963963,-0.0021078477810437535,0.004521152351203969,0.01103305701240758,0.017259211292387968,0.023038361065741964,0.02822082938898738
0.008312766517485031,0.011250826549183374,0.01389749608304507,0.016184227768374634,0.018051796455686896,0.019451833096969157,0.02034807747861761,0.020717317341923065,0.02054998956837869,0.019850427859426045,0.01863675049586415,0.016940391083893877,0.014805284441228667,0.01228672870839365,0.009449953155932798,0.006368428780565241,0.0031219654449627246,-0.00020535515577135063,-0.003527357165839037,-0.006758002478146948,-0.00981361907608618,-0.012615068094811652,-0.015089793476271807,-0.017173701133000253,-0.018812818951314036,-0.019964694640707784,-0.020599495225878676,-0.02070077970511617,-0.02026592486361031,-0.01930619321333735,-0.017846441299915552,-0.01592447593113012,-0.013590075000470664,-0.010903698265836882,-0.007934921473567036,-0.004760634383154249,-0.0014630493628639074,0.001872427867420149,0.005159410199479117,0.008312766517485026
0.030859711355848335,0.03823858051251649,0.04462709051971242,0.049859782323979626,0.053801131956194084,0.05634906053117713,0.057437578037201995,0.05703849244263456,0.0551621398547441,0.051857116819954335,0.047209021698817605,0.04133823771343935,0.03439681508525996,0.026564533014187812,0.018044243491755183,0.009056617541091019,-0.00016557004666516162,-0.009383469457182665,-0.018358341937668776,-0.026857743005162513,-0.03466154263654565,-0.04156762652051271,-0.04739713071206783,-0.05199907411474736,-0.05525426881171153,-0.05707840697018403,-0.05742424437003613,-0.056282824004271675,-0.053683708060803435,-0.04969421227731445,-0.044417662499011454,-0.03799071859350837,-0.030579835032039496,-0.0223769498060889,-0.013594513334231381,-0.004459986107886543,0.004790052415929724,0.01391603109827215,0.02268159188492405,0.030859711355848325
0.036381556884984435,0.04331022779848123,0.04911718656181304,0.053652035993264624,0.05679732587460815,0.05847159485006158,0.058631480232613685,0.057272841074840285,0.05443086541726742,0.050179158936605094,0.04462783859738385,0.03792068068041511,0.030231397052640486,0.021759136121024546,0.012723324993422238,0.003357986431745355,-0.006094322214644652,-0.015388791116875501,-0.02428469841253921,-0.03255164477548319,-0.03997552063733422,-0.04636405151285293,-0.05155177780810419,-0.05540434013702819,-0.05782195915896369,-0.058742019811159354,-0.05814069300600897,-0.056033552791903474,-0.05247517299355839,-0.047557713778619955,-0.041408534757732686,-0.03418689643752239,-0.02607983545713051,-0.017297320437506064,-0.008066813904414476,0.0013726188714990525,0.01077650153964432,0.019901278478548553,0.02851062275851885,0.03638155688498442
0.038110602915708856,0.0423629844615047,0.045518186961999225,0.04749449232978121,0.048240715293930536,0.04773752907164862,0.04599796592178101,0.0430670796161588,0.039020778570573886,0.03396385985668279,0.02802729501289815,0.02136483795033996,0.014149042807300869,0.006566794887702846,-0.0011855295701080973,-0.008907149434783244,-0.016398078807807793,-0.023464306553224505,-0.029922821084145693,-0.03560635026672207,-0.04036769368054538,-0.044083535032216195,-0.04665763598256788,-0.04802332866909932,-0.04814524236859471,-0.04702021958027544,-0.0446773978034117,-0.04117745489139661,-0.03661103752721598,-0.031096413521973405,-0.024776408740706055,-0.01781470798750294,-0.010391615655058948,-0.002699385935613422,0.005062756461642316,0.012693776125885056,0.019996033656201156,0.02678040441825473,0.03287117677297455,0.03811060291570885
0.009601168456817228,0.014824030814410733,0.019662958560616027,0.023992626008578162,0.027700897045664558,0.030691729399879807,0.032887662084261686,0.03423182159575503,0.03468939490906668,0.03424853111573406,0.0329206483564294,0.03074013809711395,0.02776347440813467,0.02406775131546666,0.019748686105936,0.014918140299769005,0.009701222495976452,0.00423304812535576,-0.0013447599681937778,-0.006887739484937016,-0.012252330166983415,-0.017299591933557807,-0.021898803356110486,-0.025930847274651916,-0.02929129586962708,-0.03189311528758851,-0.03366891977228388,-0.034572716920346726,-0.03458109886038503,-0.033693848504554605,-0.03193394517102033,-0.029346969431686035,-0.02599992259932467,-0.021979491428771612,-0.01738980297550887,-0.0123497277596236,-0.006989801081777497,-0.0014488422274868875,0.004129640879453832,0.00960116845681722
0.031168978297995354,0.03559749078070984,0.0391040469507053,0.04159782884508806,0.04301424882271691,0.04331662235018248,0.04249711811195289,0.04057696083733253,0.03760588159112187,0.03366082976516165,0.028843980129503906,0.02328008655953747,0.017113250976145713,0.010503191181648835,0.0036211042526196544,-0.003354767374473839,-0.010243752288746667,-0.016867429399536407,-0.02305424894893104,-0.028643975560388026,-0.03349183825081887,-0.03747227992300651,-0.04048220922847105,-0.04244367057924407,-0.043305863156648784,-0.04304645662581932,-0.04167216947964418,-0.039218595033329494,-0.03574927957623146,-0.03135407655634138,-0.026146819423180537,-0.02026237340125145,-0.013853142551564876,-0.007085122586513663,-0.00013360166811535873,0.006821379463309369,0.013599690449740147,0.020025776597111293,0.025933205649673587,0.031168978297995347
0.02448929339941204,0.02841228763069823,0.03159941853663718,0.0339681411008879,0.03545710665326898,0.03602775176809137,0.035665297036627255,0.03437912984603285,0.03220256125095201,0.02919196323469846,0.025425308704498814,0.021000152034152668,0.01603110245699417,0.010646855746950115,0.004986861065595982,-0.0008022906978795118,-0.006570663553703842,-0.012168859674897973,-0.01745188872252004,-0.022282923019284116,-0.02653684131452951,-0.030103469358889835,-0.03289043335947964,-0.03482555241260845,-0.03585870795127151,-0.03596314178970906,-0.03513614914636215,-0.03339914869629421,-0.030797127838757668,-0.027397477547184048,-0.023288246978371032,-0.01857586304557134,-0.01338237401734315,-0.007842288531503335,-0.002099091892062168,0.0036984701247811495,0.009400243708109617,0.014858555917118824,0.01993203933271488,0.024489293399412033
0.016722126355905205,0.02067075992108281,0.02408403166215485,0.026873539633936704,0.028967037045220315,0.030310303412717024,0.03086854884309402,0.030627315072937356,0.029592849930179833,0.027791945518639338,0.025271244316603214,0.022096031161140783,0.018348542405115825,0.014125836038844142,0.009537277939126568,0.004701709350487172,-0.00025563104063558613,-0.005206350722082694,-0.010022228654598016,-0.0145785361293937,-0.018757267176190678,-0.022450194855863335,-0.025561674281313763,-0.028011119769807736,-0.029735091969827755,-0.03068894090695421,-0.030847962394749337,-0.030208037860209376,-0.02878574101264202,-0.026617908593301112,-0.023760686323137638,-0.02028807475811901,-0.016290012713700324,-0.011870047896746673,-0.007142655074316499,-0.002230271237325594,0.002739875453204506,0.00763906080868695,0.012340398501838377,0.016722126355905198
0.009877795283923914,0.0162078332490033,0.022118096846516493,0.027455513353806492,0.032081846486950345,0.035877276647900594,0.038743504189136344,0.040606295322899603,0.041417404737305076,0.04115582512457582,0.03982833125928008,0.03746930453522856,0.0341398425054345,0.029926176487583674,0.024937438218201477,0.019302833398001318,0.013168295332104674,0.006692705334093716,4.377778344607369e-05,-0.00660628358879743,-0.013085245686212131,-0.019225306793717187,-0.02486744255385387,-0.029865524614112154,-0.03409010527450304,-0.03743177011499246,-0.039803971771507574,-0.041145271467204765,-0.0414209302445178,-0.04062380868591115,-0.03877455182104408,-0.03592105443134667,-0.03213722060033891,-0.027521049636687465,-0.02219209794358788,-0.016288382570721974,-0.009962806645167943,-0.0033791992607255447,0.003291927609557957,0.009877795283923903
0.009288847734935391,0.009850037165916613,0.010156115808287002,0.010199156385984873,0.00997804417065603,0.009498505852532585,0.00877296122216405,0.00782020150436592,0.006664902675367513,0.005336986367989345,0.0038708449170701733,0.0023044506160601426,0.0006783722545663541,-0.0009652755919881519,-0.0025839233077461026,-0.004135648767105876,-0.005580263095753929,-0.006880351541399265,-0.00800224249620469,-0.008916879573742953,-0.009600574154142552,-0.010035618906899378,-0.010210746401435516,-0.010121420927632723,-0.009769955968341976,-0.009165454281392864,-0.00832357214294724,-0.0072661138581705115,-0.006020467041181124,-0.004618893290230941,-0.0030976926292567725,-0.001496263356327898,0.00014391835157889863,0.001780372649776632,0.003370716231531865,0.0048737600334461655,0.0062505760105625455,0.007465505352281831,0.008487082026826505,0.00928884773493539
0.02181230131785787,0.0268098347229969,0.031113007491368378,0.03461036970862412,0.037211341530417025,0.03884855915279027,0.03947961949931524,0.039088178438497684,0.03768437408819823,0.03530456424370518,0.03201038472993428,0.027887153065939356,0.023041658785983958,0.017599397646697934,0.011701321352900548,0.0055001869824842856,-0.0008433993416630745,-0.007165142065878646,-0.013301311374263854,-0.019092983704912966,-0.0243901577866876,-0.029055639593347306,-0.03296859559676439,-0.036027682291831564,-0.038153670940010855,-0.03929149955204486,-0.03941169896455579,-0.038511156075897446,-0.03661319447385265,-0.03376697036696104,-0.030046199464538396,-0.025547247778526423,-0.020386635794402287,-0.01469802065181008,-0.008628734494850927,-0.0023359686469408038,0.004017297561897259,0.01026651787407148,0.016249840766060897,0.021812301317857864
0.02188584124667707,0.02382214959003362,0.025141476772207592,0.025809652912191366,0.02580937259893612,0.025140643092407936,0.023820784135558448,0.02188397938208005,0.01938039105773112,0.01637486078503787,0.012945230219330662,0.009180324990759275,0.005177654167130014,0.001040884820268666,-0.0031228428966860212,-0.007205690622970412,-0.011101914747094967,-0.014710605110837204,-0.017938298529333988,-0.020701399438475605,-0.022928344976105384,-0.024561458422559378,-0.025558442997409433,-0.025893477323858837,-0.025557884188837976,-0.024560355278264938,-0.022926726066945735,-0.0206993066933476,-0.017935786149237177,-0.014707738165096388,-0.011098767488098935,-0.007202344563073955,-0.003119384697082849,0.0010443655940253344,0.005181067364828257,0.009183582212371547,0.012948247104528163,0.016377559198078692,0.019382701111134912,0.021885841246677067
0.027908559194522037,0.03033030513700397,0.03196651210821357,0.032774803207056495,0.03273424411864847,0.03184588530207455,0.03013273478405061,0.027639162263116898,0.02442974995775224,0.02058761996083888,0.01621228142111887,0.011417053308511383,0.006326129512315556,0.0010713622847136756,-0.004211152663301599,-0.009384600969354038,-0.014314993039804245,-0.018874634309843312,-0.022945432465646544,-0.02642195597327053,-0.029214164700001544,-0.031249741906497007,-0.03247596721234818,-0.03286108202624003,-0.032395112076784256,-0.03109012574090902,-0.028979921479235712,-0.026119152473702376,-0.022581911138859535,-0.018459810167252243,-0.013859609808805178,-0.00890045283642802,-0.0037107788107800903,0.0015750024368846437,0.006819991948744768,0.011888347251509281,0.01664880060512115,0.020978058768272863,0.02476399622859345,0.027908559194522033
0.04664338450633165,0.05343949935834562,0.058851559247455575,0.06273939466535783,0.06500231271691463,0.06558170501324684,0.06446256559822021,0.06167387959482706,0.0572878725057259,0.051418139610660996,0.04421670390838571,0.03587007880084886,0.026594437494055306,0.01663001422558086,0.006234882324008286,-0.004321729754723114,-0.014766411302907373,-0.024828650554785222,-0.03424784079918402,-0.04278002995644684,-0.050204238809153236,-0.05632818424777557,-0.060993259302214005,-0.06407864097900974,-0.06550441951341017,-0.06523366799030134,-0.06327339873191251,-0.05967438168235391,-0.05452982949273245,-0.047972983362450435,-0.04017366216212945,-0.03133386421406283,-0.02168253564177338,-0.011469640785673817,-0.000959688257950328,0.009575119691552968,0.019861937070624,0.029634340712561276,0.038639230496246,0.04664338450633164
0.025118590998604775,0.02742312641492851,0.029017417261810965,0.029860172243760336,0.029929564449422935,0.02922379665712217,0.027761147881955855,0.025579499958906765,0.022735356423214947,0.019302379098494988,0.015369480294197126,0.011038520023496003,0.006421667882454057,0.001638497916403461,-0.003187108285018652,-0.007930170055969705,-0.01246784458799778,-0.01668260849425407,-0.020465301603480125,-0.023717954151104254,-0.026356324144682725,-0.028312079187253848,-0.029534566250525862,-0.029992123561702944,-0.029672900626769375,-0.028585165152059867,-0.026757088915008234,-0.02423601812990986,-0.021087247205841254,-0.017392327655762548,-0.013246955955168883,-0.00875849505364205,-0.004043193730851614,0.0007768241857759577,0.005576722764038897,0.010232187152030857,0.0146226432675058,0.01863438060327336,0.0221634972696058,0.02511859099860477
0.03685662069783196,0.036673795654149834,0.03554113856688352,0.03348798465963584,0.03056750954013238,0.026855351979913306,0.02244765490988166,0.017458575368894554,0.012017327896420672,0.006264837943841328,0.0003500919792844175,-0.005573721183641114,-0.011353177895651337,-0.01683859326371407,-0.0218878979111526,-0.02637031749987592,-0.03016975971704276,-0.03318782100498364,-0.035346335161655515,-0.03658939780421591,-0.03688481426317326,-0.0362249334074157,-0.034626845804487855,-0.03213194108386881,-0.028804835967309452,-0.02473170072968079,-0.0200180274341179,-0.01478589774299724,-0.009170821067007602,-0.0033182249425930724,0.0026203114648512367,0.008490983181742202,0.014141742894334243,0.019426238894278705,0.02420760551099502,0.028362007860646517,0.03178184910458439,0.03437855715095056,0.0360848786253321,0.03685662069783196
0.023738450302182565,0.02612854692825303,0.0278419279135758,0.028834217590628635,0.02907971617800164,0.028572065391236332,0.027324413119053245,0.02536907289994034,0.022756687018479698,0.019554914896777995,0.01584668075097382,0.011728025897597725,0.007305621333922338,0.0026940050151646553,-0.001987384618390096,-0.006617302034253633,-0.011075834803338798,-0.01524750926888576,-0.01902428125351659,-0.0223083343466764,-0.025014613298286022,-0.0270730269050417,-0.028430263335763362,-0.029051170879818802,-0.028919668357964702,-0.028039161616442,-0.02643245531734722,-0.02414116230986293,-0.021224625879322164,-0.01775838278728983,-0.0138322069091159,-0.009547784137719749,-0.005016078772376854,-0.00035445960165431806,0.004316339886562007,0.008875348438985346,0.013204490128844976,0.01719164246036697,0.02073354028251965,0.02373845030218256
0.046026794255127734,0.04552703040685409,0.04384814038529142,0.04103360656011784,0.03715632387899879,0.03231671192673237,0.02664011411075112,0.020273551332709354,0.013381914224356839,0.006143692566789526,-0.0012536475011244502,-0.00861851875727004,-0.01576017490470189,-0.02249365080054083,-0.02864455295601678,-0.03405357623622309,-0.03858062977943161,-0.042108465276825005,-0.0445457136421075,-0.04582925142284593,-0.04592583566473055,-0.04483296488662988,-0.04257894386763815,-0.03922215056816449,-0.034849524171422896,-0.029574313404254062,-0.023533143454586913,-0.016882477450837322,-0.009794564149068326,-0.002452976780686231,0.004952141397826192,0.01222900171537512,0.019189137312094803,0.02565228433202118,0.031451050662273036,0.036435251300848605,0.04047579806928894,0.04346804292869293,0.04533448830895592,0.046026794255127734
0.027640743785917455,0.03322334309957673,0.037945475278375954,0.0416848395793061,0.04434458843117074,0.04585583573580837,0.04617944098185054,0.04530702296340678,0.04326117684889468,0.0400948889780466,0.03589016454354303,0.030755903699597503,0.02482508110516512,0.018251301950123942,0.011204823661542244,0.003868146325749614,-0.0035687139680361836,-0.010913146444609024,-0.017974934160678482,-0.024571180523784767,-0.030531046217972153,-0.035700173852334594,-0.039944685736359856,-0.043154651241791187,-0.04524693394815518,-0.046167344832382544,-0.04589204573604139,-0.04442816676111897,-0.041813621604125564,-0.0381161256112699,-0.03343144198656174,-0.027880901575129895,-0.021608260458065784,-0.01477597674543462,-0.007561002996560085,-0.00015020324168677976,0.0072644866982481265,0.014491030248557656,0.021342263727217415,0.027640743785917445
0.024250899376202062,0.02462183707136265,0.02435508211963074,0.023457543334136265,0.02195246649796811,0.019878832310602546,0.017290346808262427,0.014254050405789516,0.010848581585114751,0.007162140199883164,0.003290203145573711,-0.0006669484419419324,-0.004606826415143174,-0.008427390004046744,-0.012029688618549757,-0.015320424616736947,-0.018214369664799345,-0.020636572106111514,-0.022524298169767833,-0.023828656742296495,-0.02451586562181702,-0.024568126459324047,-0.023984085726577488,-0.022778869771773007,-0.020983693055069235,-0.018645049710465874,-0.01582350937215532,-0.012592148452812896,-0.00903465750289379,-0.005243173669336915,-0.0013158943918566155,0.0026454658591652793,0.006538309934034056,0.010261815216027502,0.013719544874209295,0.01682194552669431,0.019488666626199292,0.021650641497011163,0.023251876125609035,0.024250899376202062
0.04862306950139511,0.05214814936134957,0.05432261954500729,0.05509016241680817,0.05443089901954427,0.05236190392890959,0.04893676303095848,0.04424418567580416,0.03840570715204768,0.031572540986642694,0.023921662593976205,0.015651225705596787,0.006975430292652927,-0.0018810251008457152,-0.010688762932289493,-0.019219667418335733,-0.027252792613873755,-0.034580084795945605,-0.04101177094588504,-0.0463812737708179,-0.050549525968048466,-0.05340857199515057,-0.05488436406181002,-0.054938679928698254,-0.05357011284339366,-0.05081410797453044,-0.046742044400549396,-0.04145938642906009,-0.03510295212667156,-0.0278373698029344,-0.019850814223598696,-0.011350132983024577,-0.002555489260140594,0.006305340292244298,0.015002864843102894,0.0233118230751673,0.03101701733472203,0.037918887137796856,0.043838677681877485,0.048623069501395104
0.03070931221595057,0.03220937860356305,0.032875239004151194,0.03268964798310014,0.031657412250368624,0.029805266169225925,0.027181179350286067,0.023853114263790234,0.019907266047326524,0.015445830097042666,0.010584355260566563,0.005448751182547728,0.00017202731099818375,-0.005109151977544409,-0.01025800691358264,-0.015141184858842126,-0.019632214069555988,-0.023614779248195803,-0.026985734048580005,-0.029657772512059734,-0.03156169024598805,-0.0326481767811382,-0.03288909268695487,-0.03227819836802474,-0.030831315666320056,-0.02858591808380249,-0.02560016023840616,-0.021951371689980414,-0.01773405414530907,-0.013057433913544147,-0.008042633002172844,-0.002819532120645927,0.002476593161773656,0.007708575982197818,0.012740910733811674,0.01744326258991219,0.021693843107458158,0.025382564483772317,0.02841389077280429,0.030709312215950565
0.02417490425534019,0.027303866578704507,0.02972567309974144,0.031377600301672554,0.03221686413768525,0.03222172811527181,0.03139206625996768,0.029749366378023917,0.027336173533512316,0.024214988153513875,0.02046664729988732,0.01618823103182874,0.011490548083332218,0.006495265975184536,0.001331759890085757,-0.003866238076624954,-0.008964102507992483,-0.013829801393029358,-0.018337315686447107,-0.022369903135734528,-0.02582312184417575,-0.028607535261114484,-0.03065102854163706,-0.031900676283175555,-0.032324113265633884,-0.031910372693587576,-0.03067017023052472,-0.028635626468790268,-0.02585943502311648,-0.02241349779368006,-0.01838706274465591,-0.013884412428824718,-0.009022163124233167,-0.0039262445338481625,0.0012713617276021733,0.006436040388123163,0.011434028983288222,0.016135882233805132,0.02041982461025535,0.024174904255340184
0.003744792100099187,0.004547763940370379,0.005232951083416436,0.005782607542144709,0.006182497502995385,0.006422264026034962,0.006495697284260273,0.006400895394855999,0.006140313676960566,0.005720701060190193,0.005152925290906867,0.004451691463296139,0.0036351611651519507,0.0027244821022926117,0.0017432403840884772,0.0007168496556184856,-0.0003281071023882318,-0.0013645660587898235,-0.0023656834710423192,-0.00330553092403116,-0.004159766862403077,-0.004906267024063731,-0.0055256974469445955,-0.006002015208464884,-0.006322883928799427,-0.006479993276636139,-0.006469274202391797,-0.006291004324458855,-0.00594980073903492,-0.005454500439756475,-0.004817931444205565,-0.0040565805549926445,-0.0031901663602291147,-0.00224112853245292,-0.0012340466528968346,-0.00019500361324560189,0.0008490899175580134,0.0018711924655032846,0.0028448321114841876,0.0037447921000991857
0.04187362598093873,0.0432548648075226,0.04351582535632647,0.04264974888621258,0.04067906632282785,0.037654817309412024,0.033655328306847684,0.028784183979466357,0.02316754440665286,0.016950877603058072,0.010295191973430312,0.0033728662795061617,-0.0036368148793720773,-0.010552304443205499,-0.017194494864830347,-0.023391356901308565,-0.028982395080957214,-0.03382280445176058,-0.03778722095356487,-0.040772968281385526,-0.042702717147772885,-0.043526488070737925,-0.04322294581608282,-0.04179995196875973,-0.039294361321950036,-0.035771067357279945,-0.03132132153773323,-0.02606036994269226,-0.020124468455017905,-0.013667353805255359,-0.006856261871067298,0.000132403644152828,0.007117639974537827,0.013918533168306518,0.02035894366408507,0.026272068213024722,0.031504759995329396,0.035921495042443866,0.039407882236651995,0.04187362598093873
0.009747913574931528,0.01367135528504711,0.01724071607451241,0.02036355137377921,0.02295898138894639,0.024959785845937766,0.026314144960291476,0.026986981542357857,0.026960869478086184,0.02623648505622506,0.024832589452799057,0.022785542826504482,0.020148362609698267,0.016989350384748685,0.01339032290892915,0.00944449310338128,0.005254055887419742,0.0009275413838025787,-0.0034229959544399965,-0.0076848794954796126,-0.011747728694267717,-0.015506317890672191,-0.018863301598802187,-0.021731735703959528,-0.024037329269539734,-0.025720368633266835,-0.0267372639596802,-0.027061678193976257,-0.026685209177893684,-0.02561760726119895,-0.02388652277274898,-0.021536789891497772,-0.01862926546481187,-0.015239252848090136,-0.01145455158741399,-0.0073731834574228905,-0.0031008537488395414,0.0012517864430352365,0.00557200602356856,0.009747913574931521
0.03843735656812565,0.038436448915172255,0.03744005742505333,0.03547398811398262,0.032589161144388146,0.028860292019452557,0.02438395649082686,0.019276089297391632,0.013668981516417687,0.0077078542941540745,0.001547097694421401,-0.004653727922943777,-0.010734024431595485,-0.016536315345792404,-0.02191032437866001,-0.02671686751908404,-0.030831457824488456,-0.034147529567258084,-0.03657919823110751,-0.03806348487493981,-0.038561947254339625,-0.03806167545551072,-0.03657562625526209,-0.03414228754729446,-0.030824681525970184,-0.026708732444583334,-0.021901041222333252,-0.016526124536512247,-0.01072318990596929,-0.004642530289494155,0.0015583684228699102,0.0077189062116549394,0.01367952838411294,0.019285857956947983,0.024392693939093033,0.028867771961108003,0.032595189852873054,0.03547840944891396,0.037442756876178804,0.03843735656812565
0.028840395981912792,0.029423055419912286,0.029243673177755787,0.028306895161289987,0.026636983429074505,0.02427718781780946,0.021288625794283023,0.017748699545085157,0.01374909130063239,0.009393388813558532,0.004794402490333573,7.124366099269495e-05,-0.0046537603417453185,-0.009258234396139924,-0.013622925042801234,-0.017634789086647184,-0.02118992135627738,-0.02419624579333343,-0.026575900174045118,-0.028267252699926963,-0.029226498228985195,-0.0294287928058857,-0.02886889710734721,-0.02756131213786219,-0.02553990366129753,-0.02285702509539926,-0.019582161585772872,-0.015800130377111057,-0.011608884091108598,-0.007116973805012601,-0.0024407376357410966,0.0022987123562356526,0.006978626905643926,0.011477798683900036,0.015679701505253312,0.019475508293788663,0.02276690964752861,0.02546866000030483,0.027510785437144566,0.028840395981912792
0.001823052541280923,0.0022224807358661356,0.0025643478468078194,0.0028397996955071133,0.0030417022237709023,0.0031648262621716723,0.003205982962788925,0.003164106388695292,0.003040281121163047,0.0028377141695788556,0.0025616519115852256,0.0022192442146553603,0.0018193592582812594,0.0013723538527831113,0.0008898052033621824,0.0003842110665673371,-0.000131333935034818,-0.0006434774567061125,-0.0011389552502518697,-0.0016049347010817644,-0.0020293471861870405,-0.0024012006451370927,-0.0027108642686707453,-0.002950317931597293,-0.003113359909826158,-0.0031957675017632225,-0.0031954063940640336,-0.0031122859392283177,-0.0029485589133751555,-0.0027084657604722943,-0.002398224767064791,-0.002025871011919803,-0.001601048261707161,-0.001134759202508251,-0.0006390804760259539,-0.0001268499009081125,0.00038866602001206554,0.0008941156951707958,0.0013764082434819622,0.0018230525412809223
0.04170820541042207,0.04211430096475055,0.0414296582457162,0.039672009140115747,0.036886875836533654,0.03314639182456951,0.028547433675347345,0.023209111989210482,0.017269686493738536,0.010882985189427593,0.0042144202852795075,-0.0025632958905242318,-0.009274624049200757,-0.01574574431673877,-0.021809058077332116,-0.027307528689493536,-0.03209874865258176,-0.03605862788626483,-0.03908460759841917,-0.04109831650397398,-0.042047600600028004,-0.041907873927129434,-0.040682755332711276,-0.03840397474484382,-0.03513055138376443,-0.03094726519507496,-0.025962461093683303,-0.02030524288741844,-0.014122129556222662,-0.007573260487533976,-0.0008282479502688565,0.005938215773849639,0.012550882828626621,0.018838488610817515,0.024638187433390895,0.029799770143283673,0.0341895544595643,0.03769384727428866,0.040221889244275694,0.04170820541042207
0.0022575682206145975,0.005740537394283806,0.00907482966480658,0.012174088613799514,0.014958045062449486,0.01735459600108149,0.01930167201923523,0.02074884487079248,0.02165863353906283,0.02200747497542807,0.021786334369924314,0.021000939148074292,0.0196716306335748,0.01783283721869774,0.01553218268701471,0.012829252782418085,0.009794051969653174,0.006505190355452984,0.003047847728065804,-0.0004884325545175569,-0.004012062690500717,-0.007431782510239461,-0.010659023066698697,-0.013610200524657577,-0.016208880938137146,-0.01838775984945227,-0.02009040543931233,-0.02127272008129851,-0.021904082447224662,-0.021968140583452686,-0.021463235417902474,-0.02040244372914729,-0.018813239464717673,-0.01673678218029176,-0.014226851028823364,-0.011348451908729388,-0.008176133845266748,-0.004792058209937155,-0.0012838707841225255,0.0022575682206145923
0.042199673597101243,0.04375786209627569,0.04418274495210375,0.04346331792180016,0.04161821378755215,0.03869521977724816,0.03477003990037695,0.0299443342539474,0.02434308607937552,0.018111364762182457,0.01141056861111095,0.004414244726707503,-0.002696405777421619,-0.009737220788272273,-0.01652584689543339,-0.02288646224863064,-0.028654330251293714,-0.03368006615187528,-0.037833506030447814,-0.04100707797585788,-0.04311858814171997,-0.044113349523863504,-0.043965598325015065,-0.04267916122361471,-0.04028735626485438,-0.036852129940808664,-0.03246245280882897,-0.027232015200842313,-0.021296282703473106,-0.014808987670506429,-0.0079381476356769,-0.000861713746800356,0.006237038075480919,0.01317425388777256,0.01977026344448798,0.02585423356283259,0.031268592612503754,0.03587311153814687,0.039548535718230256,0.042199673597101243
0.02108563087629582,0.021132778723515724,0.020632598702334363,0.019598045212567864,0.01805591264617524,0.016046141426581097,0.013620783572688694,0.010842654578931991,0.007783706526965289,0.0045231645645430595,0.0011454750158081655,-0.00226188173414583,-0.005610656935297243,-0.008814119068966902,-0.011789300148594,-0.014459144547006881,-0.016754504696691378,-0.018615931975467858,-0.01999521639457875,-0.020856635212073864,-0.021177878133062548,-0.020950625134632334,-0.020180761950072058,-0.018888227631471313,-0.017106498138744826,-0.014881719329854794,-0.012271511807328921,-0.009343478574921727,-0.006173454155327484,-0.002843540515876485,0.000560019329292602,0.003949074967997645,0.0072358516393851635,0.010335223554130551,0.013166918607667041,0.01565759738552899,0.017742752615663143,0.019368379872890654,0.020492376265152025,0.02108563087629582
0.022453925706743795,0.026795935971353615,0.030443945569562765,0.0333034729689889,0.035300457912027475,0.03638317953762171,0.03652359592439623,0.03571807036169089,0.03398746553845666,0.03137660321057043,0.027953103340901588,0.023805632777792823,0.019041608830262645,0.013784417216125474,0.008170216436711775,0.002344411343204438,-0.003542112772629299,-0.009336898028238153,-0.014889862529362443,-0.020057187412261094,-0.024705041676737854,-0.02871304833874828,-0.0319774021310553,-0.034413558005124294,-0.03595842080347067,-0.03657197939109632,-0.03623834292286926,-0.03496615240806539,-0.0327883569127672,-0.029761360196359585,-0.025963559883789337,-0.02149331700825928,-0.01646640851213514,-0.011013028684953038,-0.005274417199708382,0.0006007989204848407,0.006460454664222685,0.012152788025677824,0.017530370560833664,0.022453925706743788
0.02854535268760724,0.030841947441544493,0.032339751957275155,0.0329999738846023,0.032805513822406776,0.03176140818415428,0.0298946987574321,0.027253732335855003,0.02390690856250602,0.019940908415109267,0.015458449214238315,0.010575624298668262,0.005418896268882487,0.00012182167214788361,-0.0051784080419053895,-0.010344519707765858,-0.015242713746921334,-0.0197461295066606,-0.02373813088434182,-0.027115327141184902,-0.029790250668097144,-0.031693622350804196,-0.03277614586251906,-0.033009784412911775,-0.03238848688625183,-0.03092834456212716,-0.02866717435975512,-0.025663539399639106,-0.02199523224950929,-0.01775726013768096,-0.013059384315746204,-0.00802327729981247,-0.002779371616247207,0.00253651833224214,0.007786713788298177,0.012835237447409777,0.01755133519867344,0.021812862587583557,0.025509448293244658,0.028545352687607238
0.015776659033156778,0.016427537006391667,0.01665295040014908,0.016447061125934904,0.015815201607802625,0.014773736675371345,0.013349639723334675,0.011579794114706669,0.009510037921093676,0.0071939767407173776,0.0046915953415785725,0.002067704087474495,-0.0006097396163801984,-0.003271391384452119,-0.005848315834049549,-0.008273771975524017,-0.010484941768844824,-0.012424557077838997,-0.014042382884836611,-0.015296518351241227,-0.016154482027240003,-0.01659405310429215,-0.016603846922398073,-0.016183609826813293,-0.01534422573757306,-0.014107434261680535,-0.01250526764870466,-0.010579221172342123,-0.008379178424625062,-0.005962119357090076,-0.0033906445299636406,-0.0007313537905347389,0.001946878627906547,0.004574687912533331,0.0070840151831984745,0.009409870181680689,0.011492014485234715,0.013276521650098561,0.014717173878060725,0.015776659033156778
0.01833991603231342,0.01890042230007378,0.01897141755819716,0.018551063066790253,0.01765024578637845,0.01629229641134688,0.014512385117210872,0.012356610671544178,0.009880806500113366,0.007149094630478411,0.004232224965160651,0.0012057428963306873,-0.0018519672801666446,-0.004861712476901294,-0.007745541874224245,-0.010428765805550683,-0.012841890180491936,-0.014922416345292917,-0.016616459765135372,-0.01788014560528545,-0.01868074506626688,-0.018997523042575785,-0.018822275151021587,-0.018159540219942046,-0.01702648273593349,-0.015452448292664045,-0.01347820355541213,-0.011154880425849539,-0.008542651752646473,-0.0057091728862983145,-0.0027278294410855507,0.00032416335378848433,0.0033677604880745704,0.006324134394722698,0.009116716542462421,0.011673180520543166,0.013927315254781393,0.0158207398396028,0.01730441557283068,0.01833991603231342
0.038329797235602585,0.04558350131634544,0.05165661665690624,0.056391852760025146,0.05966656949793642,0.06139595342725769,0.061535214412623135,0.060080745667662194,0.0570702171688721,0.05258160002301367,0.04673114705640255,0.039670381927772454,0.031582174745105676,0.0226760058258936,0.01318254026694854,0.003347653839559258,-0.006573935063832994,-0.016325262502201145,-0.025653774217027997,-0.034317866654941284,-0.042093144372837316,-0.048778231761988054,-0.05419998857052926,-0.058217994145037505,-0.060728184251694226,-0.06166554628527919,-0.061005803061496174,-0.058766041583293974,-0.05500427049646549,-0.049817917696192135,-0.04334130699573531,-0.03574217921022971,-0.027217347757681868,-0.017987601294824875,-0.008291985406884042,0.0016183885475155452,0.011486847088634924,0.021057802323921744,0.03008337154017349,0.03832979723560257
0.048503722833335344,0.05481397051575207,0.059704565154264436,0.06304884291664613,0.0647601887655197,0.06479427974232793,0.06315023290867867,0.05987062821398537,0.05504040569714353,0.04878466558414022,0.04126542825791317,0.03267743801553806,0.023243119293228757,0.013206815990273537,0.0028284630903913713,-0.007623145517808624,-0.017877318661351442,-0.027668478642088597,-0.03674303955957858,-0.04486597505270596,-0.051826905358980324,-0.05744554603987762,-0.061576377253098724,-0.06411241264004697,-0.06498797021631847,-0.06418037350059706,-0.06171053882360887,-0.05764243360614345,-0.05208141963645581,-0.045171524255294665,-0.03709171012343114,-0.02805124018274937,-0.018284257855972735,-0.008043722855005056,0.0024051403427340946,0.012791711668958455,0.022846984382133763,0.03231053220078039,0.04093725420736828,0.04850372283333533
0.030039607466980957,0.03527194065003126,0.0395907490977435,0.04288417793988762,0.04506692909941061,0.04608247046782728,0.045904500057134937,0.044537627207486975,0.04201725320770401,0.03840865442048889,0.033805291658920766,0.028326389600489076,0.02211384893057241,0.015328571189224198,0.008146291505802945,0.0007530271514314055,-0.006659740210615259,-0.01390002379940753,-0.020780304073141603,-0.02712238538677271,-0.03276201116561977,-0.037553118064369756,-0.04137161893099767,-0.04411861659882403,-0.04572296527118362,-0.046143113160187876,-0.04536817865620514,-0.04341823215583421,-0.0403437762491749,-0.03622443772927235,-0.031166905300003107,-0.025302166394685677,-0.018782114670362237,-0.011775616041867203,-0.004464135143334245,0.002962964510508752,0.010313324939903244,0.017396575670694518,0.024029264229615446,0.03003960746698095
0.014260290134020704,0.019134757673431858,0.023513645040126763,0.0272835413514317,0.030346808273119266,0.03262410880097782,0.03405646204754674,0.034606770816120416,0.034260782398656695,0.03302745771342853,0.03093873922194769,0.028048723635990185,0.02443226084117701,0.02018301532425335,0.01541104031208155,0.010239927450873775,0.004803605847474711,-0.0007571266241559235,-0.006298249913921218,-0.01167625183923439,-0.016751844975164208,-0.021393574125576485,-0.025481220943663646,-0.028908917523979286,-0.031587888325579384,-0.033448749411901096,-0.034443305458274044,-0.03454579798551341,-0.033753572491000534,-0.03208714719890641,-0.029589681648963362,-0.026325858887056606,-0.02238021020831235,-0.017854925840956208,-0.012867208273080204,-0.007546236769764906,-0.0020298216979684185,0.003539164689589182,0.009016488570724077,0.014260290134020697
0.022782477471993873,0.026353501315737285,0.029241983318260265,0.03137311331294724,0.032691696152366875,0.0331635812335979,0.03277654698090626,0.03154061737813693,0.02948780235279769,0.026671268735750722,0.023163963268220518,0.019056723319513327,0.01445592424686682,0.00948072432957402,0.004259978632140541,-0.0010710982742015741,-0.006374434297863911,-0.011512675821547809,-0.016352745088783906,-0.020769286847922192,-0.02464791498730358,-0.027888175075467717,-0.030406146078161424,-0.03213661386904424,-0.033034760241305194,-0.03307732367567731,-0.03226320180156789,-0.030613479947877824,-0.028170885044058683,-0.02499867901508332,-0.021179020330819084,-0.016810836144814007,-0.012007260132984083,-0.006892702390833351,-0.0015996272773299743,0.0037348773424106807,0.008972650600823709,0.013978036921791856,0.018621399428810477,0.022782477471993866
0.0378888280187579,0.039659321872891125,0.04040266012259952,0.04009959069767325,0.03875796293702285,0.036412524294924545,0.03312402040020646,0.028977621776370196,0.024080717969770155,0.018560136216772077,0.012558856684950485,0.006232309361852479,-0.00025565150003605853,-0.006736991122361197,-0.013043846213395773,-0.019012872539120474,-0.02448947545308429,-0.029331813816542672,-0.03341447360944529,-0.03663171608767852,-0.03890021636099578,-0.04016122146390652,-0.040382072026620856,-0.039557048135571926,-0.03770751747617282,-0.03488138192098822,-0.031151836896396702,-0.02661547565949536,-0.02138978758347904,-0.015610115244588947,-0.00942614912048021,-0.0029980506854792623,0.003507695687472046,0.009922594584625579,0.016080503494136374,0.02182193580984875,0.026998191450621434,0.03147520811432033,0.035137033421024255,0.0378888280187579
0.015901980584725996,0.023112202815094695,0.02972383113283386,0.035565627837442576,0.04048629346282605,0.04435838535399356,0.04708161836488014,0.048585462190952285,0.04883096806704753,0.047811777519933325,0.04555428704942376,0.04211696447289986,0.03758883463955114,0.03208717373354422,0.025754471882455165,0.018754742737812018,0.011269275607672507,0.003491940158772324,-0.004375834706008289,-0.0121302777504235,-0.01957055297284438,-0.026503961153206988,-0.03275093066159161,-0.03814966826911315,-0.04256034950756317,-0.04586874004969001,-0.0479891543182702,-0.04886667469754985,-0.04847857387064587,-0.046834903445115074,-0.04397823362159839,-0.039982550647985275,-0.03495134061445664,-0.029014909218107888,-0.022327006913840534,-0.015060846858341746,-0.007404618780310634,0.0004433850346632819,0.008279905410138856,0.015901980584725986
0.0028112147425486123,0.006669871241811365,0.010355781579433327,0.01377348261378969,0.016834457683326344,0.01945942914159851,0.021580411606670992,0.023142472746799213,0.02410515599896682,0.024443528372616912,0.024148826201010772,0.02322868211559307,0.021706927364846692,0.019622974597474984,0.017030797095502852,0.01399753089462321,0.01060173599613742,0.0069313617041872975,0.0030814687849754787,-0.0008482325571461551,-0.00475596512159375,-0.008540520687585585,-0.012103881253898007,-0.015353757653610692,-0.018205979795052587,-0.02058667662296368,-0.022434189340023586,-0.023700668337314212,-0.024353312474056532,-0.024375218609927102,-0.023765819387513647,-0.022540897926573992,-0.020732179049524836,-0.018386507625205457,-0.01556463531138123,-0.012339647118718917,-0.008795068547400092,-0.005022702320540497,-0.001120250741883014,0.002811214742548606
0.04564004002039309,0.04994446908254914,0.0529553626300894,0.05459474010168218,0.05482014248193858,0.05362573196760838,0.051042443163617765,0.047137181893050925,0.04201109237147621,0.0357969376248915,0.028655660997088068,0.020772217801586036,0.012350785076166784,0.003609473504843669,-0.005225321534285749,-0.013924783490412231,-0.0222636008684892,-0.03002580267860363,-0.037010351971170495,-0.04303635258832726,-0.04794773427940198,-0.05161729483842591,-0.05394999457445178,-0.05488541778962729,-0.054399337514034606,-0.05250434297148536,-0.04924951352523675,-0.044719147548263394,-0.03903057913967716,-0.032331139233192974,-0.024794339803334987,-0.016615379996437897,-0.008006090575290514,0.0008105523863510544,0.00960620246694971,0.018153056949560247,0.0262297567925392,0.033627119712448555,0.040153557895318555,0.04564004002039308
0.027320353710606607,0.028969651489262473,0.02986865051140405,0.02999406717458032,0.029342653253093366,0.02793128002533771,0.025796501316551982,0.02299360677394609,0.01959518989388078,0.015689267888443513,0.011377002085888703,0.006770077905373532,0.0019878122632674515,-0.0028459366723075172,-0.0076059773429714705,-0.01216902719568848,-0.016416905636132975,-0.020239594844005292,-0.023538089176787753,-0.026226959363880652,-0.028236565079836774,-0.029514858592210164,-0.030028732770487024,-0.02976487854337568,-0.02873012959676205,-0.026951285384834843,-0.02447441703829909,-0.021363674146291006,-0.017699623315715566,-0.013577161538447341,-0.009103058409088096,-0.004393190848549965,0.00043045804732865997,0.005242958305890678,0.009919668698329382,0.014339464882043497,0.018387876457486962,0.02196005169138851,0.024963473121567378,0.027320353710606603
0.017163774453222414,0.023775416968513898,0.02977128867297265,0.034996099638939654,0.03931453000686325,0.042614734698581305,0.04481124014609606,0.0458471580120881,0.045695658567970844,0.04436066556976792,0.04187675463489326,0.03830825775182171,0.03374759711537971,0.028312891440446332,0.022144896749282807,0.015403360864491794,0.00826288602432353,0.0009084067764195611,-0.006469599729829531,-0.013680047001400398,-0.02053618824143296,-0.02686045299317567,-0.03248904612154174,-0.037276190021070424,-0.041097900179334866,-0.043855196310687974,-0.04547666589366873,-0.045920313717796694,-0.04517464953746443,-0.04325898566326317,-0.040222936783282835,-0.03614513496875178,-0.031131193144695674,-0.025310969770655133,-0.018835205574795164,-0.011871619448226206,-0.004600564613822855,0.002789642427513131,0.010107599195308252,0.017163774453222404
0.02796090658842291,0.0317273429222999,0.03467205774009558,0.036718784474816545,0.03781451397912959,0.03793086743443323,0.03706483134735278,0.03523883559763577,0.03250017251604847,0.02891977203785046,0.024590364654729264,0.019624079743774673,0.01414954147551101,0.00830853751544371,0.0022523467980003035,-0.00386217851840797,-0.009876675439898503,-0.01563537165547451,-0.020989119958056468,-0.0257992610788021,-0.029941214889334912,-0.03330770696163033,-0.0358115469193528,-0.037387886622803915,-0.037995899701677424,-0.037619838936605074,-0.036269444103866615,-0.03397968972030021,-0.0308098792216876,-0.026842109034918033,-0.0221791423236551,-0.016941747476376775,-0.011265570268550686,-0.005297620708300858,0.0008075344455818721,0.006891774881502321,0.012797521968074634,0.018371819957902734,0.023470297461094046,0.0279609065884229
0.004978985677001446,0.005043063975492428,0.0049765295660177495,0.004781105654833888,0.004461853618589051,0.0040270419173266,0.0034879319457131585,0.0028584863688320794,0.002155007496492037,0.001395715061966194,0.0006002743404708076,-0.0002107131711331739,-0.001016243322287341,-0.0017954533052023137,-0.0025281619906207665,-0.003195392608464517,-0.0037798642362115286,-0.004266439365711971,-0.004642515956697931,-0.004898353823006818,-0.005027326898286679,-0.005026094847634202,-0.004894689580514119,-0.004636514424320833,-0.004258255979986579,-0.0037697109425296016,-0.003183532371799133,-0.0025149019848716616,-0.0017811369575532316,-0.0010012414186223585,-0.00019541425287708384,0.0006154740393713289,0.001410421877293658,0.0021688405294545982,0.0028710873511421636,0.003498974518547923,0.004036240083850024,0.004468969151119752,0.0047859542648169395,0.004978985677001446
0.04818425943435246,0.05058392762769793,0.05167349866600038,0.051424753231693106,0.049844133700864685,0.04697257728910237,0.04288445579911161,0.037685649430091804,0.03151080453619324,0.024519846356671142,0.016893837036193807,0.008830286210403241,0.0005380356100991093,-0.007768149829889465,-0.015873144269705243,-0.023567032610714606,-0.030650547186298983,-0.0369402286897497,-0.042273177673945006,-0.04651127356146347,-0.04954475189498765,-0.05129504717909211,-0.051716827685306346,-0.05079916952007052,-0.04856583954784057,-0.04507467984178304,-0.04041610960446299,-0.03471078335799269,-0.028106466055285773,-0.020774206045394112,-0.012903905011115022,-0.004699399615157369,0.0036268177623518423,0.011859102464895839,0.019784242642898874,0.027196981328635177,0.033905332483876685,0.03973555333743732,0.04453664423168391,0.04818425943435245
0.03016065310497522,0.030409440418278897,0.029870639198093074,0.028558204113001317,0.026506126542317064,0.023767554217214312,0.020413414722407375,0.01653057850896336,0.012219608995250472,0.007592158027225802,0.002768074154273062,-0.0021277013852729213,-0.006968370576570436,-0.011628562630251374,-0.015987581020011653,-0.01993252945924344,-0.0233612358555567,-0.026184898514303497,-0.028330386055824015,-0.029742131479765625,-0.030383571321203975,-0.030238092625178657,-0.029309463213500284,-0.027621734100144745,-0.025218616582624642,-0.022162350142344227,-0.01853209047472385,-0.01442185939826725,-0.009938109738849635,-0.00519696825744461,-0.0003212280280135908,0.00456283183860969,0.00932871675735824,0.01385299281224061,0.018018483629928184,0.021717305186274467,0.02485365994587168,0.02734631796789756,0.029130720718914645,0.03016065310497522
0.03415571428615233,0.041193117768173616,0.04716364113774815,0.05191265097577556,0.05531715042199099,0.057288964729038716,0.05777702494211259,0.05676869055806024,0.05429007690777493,0.05040537878284324,0.04521520782416286,0.03885398673329228,0.0314864677950894,0.023303465880074092,0.014516916439512126,0.00535438648855208,-0.0039468192599316915,-0.013145804462751987,-0.022004320235160274,-0.03029293567181541,-0.03779697998671731,-0.04432210237380312,-0.04969930559073635,-0.05378932289871329,-0.05648622499784456,-0.057720163540380114,-0.057459180166226406,-0.055710034207685735,-0.05251802762630023,-0.047965831715843864,-0.042171345959239034,-0.03528464449387846,-0.0274840892702972,-0.018971710571342927,-0.009967974533971812,-0.0007060731921069256,0.008574115074550397,0.017632238264552243,0.0262336957452907,0.034155714286152314
0.028783262649870984,0.02942204297803263,0.02929880784775115,0.0284167489841684,0.026798711248526983,0.02448660096826389,0.021540300585142304,0.018036117731464713,0.014064808902478819,0.009729228910822833,0.005141667000905289,0.00042093861645766794,-0.004310691857047325,-0.008930677675757004,-0.01331936363373368,-0.017363085069936376,-0.020957111723236575,-0.024008360191169115,-0.026437804741161586,-0.028182524035497696,-0.029197330760913,-0.029455941956272682,-0.02895165972745913,-0.027697544719311358,-0.025726077851784095,-0.02308831908118242,-0.019852584974113983,-0.016102679344298952,-0.01193572277781477,-0.007459637260931822,-0.002790351057357888,0.0019512037728976863,0.006642223450355382,0.011161213029448282,0.01539113305379386,0.01922243081663628,0.022555877718406066,0.025305139235326422,0.02739901093822973,0.028783262649870984
0.029086076373673837,0.034855956225535764,0.0397230851201475,0.04356140697572376,0.046271511272382784,0.04778320773239339,0.048057344211498904,0.04708682071888777,0.04489677330322607,0.04154392304220048,0.03711510699640038,0.03172502917506198,0.025513289762480372,0.01864076954656489,0.011285463190938965,0.0036378692666487397,-0.0041039435607629245,-0.011739466405653171,-0.01907094323709489,-0.025908492656201324,-0.032075025724617005,-0.037410832475000745,-0.04177771831528788,-0.04506258319603454,-0.047180350842289505,-0.04807617218442691,-0.04772684592023871,-0.046141419416474726,-0.043360954386796234,-0.03945746341496083,-0.034532044866729644,-0.028712264495298512,-0.022148851555297593,-0.015011794994270761,-0.007485940828225315,0.00023379527308736367,0.007947476199634134,0.015455321667227502,0.022562882421946526,0.029086076373673827
0.020320826828700934,0.027114472463003705,0.033205867503091596,0.038437248017088886,0.04267312399760076,0.04580378848173521,0.047748158903815556,0.04845587709124066,0.047908613514703484,0.04612054201337202,0.0431379726999,0.0390381525528348,0.033927264760448994,0.02793767863193959,0.02122452130185014,0.013961660018770743,0.006337199074927663,-0.00145139199617857,-0.009202392776964887,-0.016715056418622292,-0.023794808879052432,-0.03025828828835301,-0.03593809392493261,-0.04068712180626842,-0.04438237460478337,-0.046928147214022886,-0.04825850546064051,-0.048338993764853844,-0.047167527521862325,-0.04477444709201653,-0.0412217320014222,-0.03660139570477034,-0.031033102485193267,-0.024661068212188223,-0.01765032522635047,-0.01018244808843944,-0.002450850893631614,0.005344222051948542,0.013000882453573882,0.020320826828700924
0.03243414766786822,0.039226617513642495,0.04500313857060734,0.049614101977654215,0.052940086204568235,0.054894950006931426,0.0554280634391053,0.054525619143228135,0.05221098995253098,0.048544123547234135,0.043619989841118506,0.037566121310644074,0.030539309970799358,0.022721546544272223,0.014315306997327533,0.0055383085186367816,-0.003382129241547096,-0.012214971630925636,-0.020731452671292484,-0.028710999977203805,-0.03594694746489975,-0.04225188789531732,-0.047462526623141474,-0.05144391084234412,-0.054092924792972806,-0.05534096040516922,-0.055155694212140435,-0.05354192451097002,-0.05054144708924411,-0.0462319727361071,-0.040725114573642626,-0.034163497335638955,-0.02671706346190151,-0.018578671678328378,-0.009959102057213651,-0.0010815969240926954,0.00782392100122559,0.016526803482328704,0.02480165043436984,0.03243414766786821
0.031175265562366862,0.03182455764866647,0.031649610408536415,0.030654954883600514,0.028866352129486093,0.026330126018014936,0.02311196347325587,0.019295213214695187,0.014978727069182945,0.010274299760542099,0.005303773484944502,0.00019588226203083158,-0.004917082208577219,-0.009902696832807523,-0.014631836810715382,-0.018982019900975866,-0.022840578646597262,-0.026107578402875597,-0.028698405592199244,-0.030545959151263638,-0.03160238841336422,-0.03184033241552933,-0.031253628533089134,-0.02985747208841747,-0.02768802280006409,-0.024801468265038103,-0.021272568729559342,-0.017192720837951092,-0.012667590507560549,-0.007814376237003247,-0.00275877372661052,0.002368279574184299,0.007433995678007756,0.012307175198669026,0.016861605346346384,0.020979328772547025,0.02455369860347296,0.02749214053803325,0.029718550473615307,0.031175265562366862
0.025,0.02868653858739183,0.03163011089371545,0.03375447994242446,0.035004625691037,0.03534817002133535,0.03477621531562031,0.03330357490033591,0.030968389388695627,0.027831138858834432,0.02397307645155387,0.019494123956655587,0.014510283891071979,0.009150635094610978,0.003553989655806937,-0.0021347022482576354,-0.007768106485399835,-0.013200320844968728,-0.018290653828462348,-0.022907268485437098,-0.02693059692127339,-0.030256437042840242,-0.03279865133797248,-0.0344913977917899,-0.03529083516029741,-0.0351762584355758,-0.03415063509461097,-0.032240528243198764,-0.02949540864545781,-0.02598637345702462,-0.021804304846068295,-0.01705751619287301,-0.011868946830183217,-0.006372977979062527,-0.0007119523458553809,0.004967512479138025,0.01051832134023601,0.01579671120364181,0.020665974544503807,0.024999999999999994
0.028692332899977052,0.029543379993341685,0.03105186948177425,0.03224896146447802,0.027612015739199865,0.031748948979361806,0.03247302146082137,0.038589186031430495,0.03268648083653793,0.01901593808202076,0.025593496298527845,0.017568712554574005,0.011125673889542186,0.012209016538815317,0.008708987268286693,0.0025216983473233577,-0.011964194101513028,-0.0147463827242248,-0.016634336671444528,-0.018029542849825303,-0.02932646811049984,-0.031184731926159327,-0.03833032620800262,-0.040472430912193255,-0.031228206048326417,-0.028395058292721684,-0.03451068570251264,-0.027222863753738644,-0.02768722852021964,-0.029211972230050242,-0.019997326818526225,-0.009367333360543165,-0.012048077025732976,0.0014502403000075034,-0.013810677866304103,0.009077025001014144,0.010953556681426866,0.014301674451312472,0.02112477842718132,0.01506215542699553
0.055,0.06311038489226202,0.069586243966174,0.07425985587333381,0.0770101765202814,0.07776597404693776,0.07650767369436468,0.073267864780739,0.06813045665513037,0.061228505489435744,0.05274076819341852,0.04288707270464229,0.031922624560358354,0.020131397208144147,0.007818777242775264,-0.004696344946166803,-0.017089834267879633,-0.0290407058589312,-0.04023943842261716,-0.05039599066796161,-0.05924731322680145,-0.06656416149424853,-0.07215703294353945,-0.07588107514193777,-0.0776398373526543,-0.07738776855826676,-0.07513139720814413,-0.07092916213503728,-0.06488989902000718,-0.05717002160545416,-0.04796947066135025,-0.03752653562432062,-0.026111683026403078,-0.014020551553937558,-0.0015662951608818448,0.010928527454103651,0.023140306948519224,0.03475276464801198,0.045465143997908374,0.054999999999999986
-0.04826704090397049,-0.05223482628840758,-0.05484975710966642,-0.05604410803303635,-0.055786945996965764,-0.05408493136310789,-0.0509821454164525,-0.04655894868319952,-0.04092989963534192,-0.03424078768641575,-0.026664857322269458,-0.018398321159881312,-0.009655278143645585,-0.0006621684951736914,0.008348090969502196,0.017142139263118264,0.02549221515417097,0.033182056063175,0.040012499149874675,0.04580663952619119,0.05041441199989968,0.053716477684282685,0.055627314812609976,0.056097433706974356,0.05511465853495391,0.052704442657275946,0.048929209399144184,0.04388673531890541,0.037707617846548094,0.03055189287886537,0.022604889933790798,0.014072432213233267,0.005175505890261341,-0.003855463316700211,-0.01278657804894081,-0.021386527126194196,-0.029432576384704843,-0.036716337375072586,-0.04304916451363037,-0.048267040903970486
